Domain,Mobile,Desktop,Web,IoT,Date_Difference,Expected Team Size,Expected Budget,Risk,Complexity,Team Efficiency
1,1,1,1,0,-0.43714906004658904,1.554391091854864,0.6055743764798145,1,4,0.3895892031702114
1,1,1,1,0,0.5853593363134032,0.0708186164230517,-0.5075383407251561,3,4,-7.166634985613293
1,1,1,1,0,-0.0963129279265916,1.2576765967685015,0.5708270473097993,1,4,0.45387390916121284
1,1,1,1,0,0.2445232041934058,0.6642476065957766,0.3072266191234768,2,4,0.4625175214111321
1,1,1,0,0,1.1647807609173988,-0.8193248688360357,-0.4835746654354905,3,3,0.5902118610586508
1,1,0,1,0,-0.5053162864705885,-0.07753863112012951,-0.49138682357992153,1,3,6.33739793802332
1,1,0,0,0,1.0966135344933994,-0.07753863112012951,-1.4660853523117832,3,2,18.908049306282887
1,0,1,0,0,-1.4596574564065812,0.5158903590525954,-0.6696765677350341,1,2,-1.2980961126483226
1,0,1,1,0,-0.8461524185905859,0.3675331115094142,-0.2729579233146189,1,3,-0.742673713178939
1,0,1,1,0,-0.0963129279265916,-0.22589587866331076,-0.6273567171734845,1,3,2.7772064638461327
1,0,1,1,1,2.085038317641392,-1.2643966114655794,0.5708270473097993,3,4,-0.45146237627964025
1,0,1,0,1,1.0625299212813997,0.9609621016821391,1.050100553103113,1,3,1.0927584537480588
1,0,0,0,1,0.0741051381334071,-0.8193248688360357,-0.7471750936218129,1,2,0.9119410797628534
1,1,1,1,0,-0.0963129279265916,-0.8193248688360357,-1.1079721887830194,3,4,1.3523006358365333
1,1,1,1,0,-1.5278246828305808,0.5158903590525954,1.4685063236606755,1,4,2.846541811356372
1,0,1,0,0,0.005937911709407617,-0.5226103737496732,-0.19991664103171788,2,2,0.3825355056250422
1,1,1,1,0,-1.6982427488905794,0.5158903590525954,-1.1643107893890234,3,4,-2.256891434520657
1,1,0,1,1,-0.062229314714591866,-0.6709676212928545,1.3241491437157296,3,4,-1.9734948083770367
1,1,0,0,0,0.4149412702534045,-0.374253126206492,-0.3335380944468937,3,2,0.8912122900348346
1,1,1,1,0,0.5512757231014035,1.1093193492253204,0.02869682123169267,3,4,0.02586883153431083
1,1,0,0,0,-0.6757343525305872,1.554391091854864,0.7387644837397763,1,2,0.4752755032729258
1,1,0,1,1,1.4715332798253964,-0.6709676212928545,-0.7324134696433788,3,4,1.0915795904006749
1,0,1,0,1,-1.1188213242865839,-1.2643966114655794,0.7093131268087772,3,3,-0.5609898677096815
1,1,1,1,0,-0.0963129279265916,-0.8193248688360357,-1.1079721887830194,3,4,1.3523006358365333
1,1,1,1,0,-1.5278246828305808,0.5158903590525954,1.4685063236606755,1,4,2.846541811356372
1,0,1,0,0,0.005937911709407617,-0.5226103737496732,-0.19991664103171788,2,2,0.3825355056250422
1,1,1,1,0,-1.6982427488905794,0.5158903590525954,-1.1643107893890234,3,4,-2.256891434520657
1,1,0,1,1,-0.062229314714591866,-0.6709676212928545,1.3241491437157296,3,4,-1.9734948083770367
1,1,0,0,0,0.4149412702534045,-0.374253126206492,-0.3335380944468937,3,2,0.8912122900348346
1,1,1,1,0,0.5512757231014035,1.1093193492253204,0.02869682123169267,3,4,0.02586883153431083
1,1,0,0,0,-0.6757343525305872,1.554391091854864,0.7387644837397763,1,2,0.4752755032729258
1,1,0,1,1,1.4715332798253964,-0.6709676212928545,-0.7324134696433788,3,4,1.0915795904006749
1,0,1,0,1,-1.1188213242865839,-1.2643966114655794,0.7093131268087772,3,3,-0.5609898677096815
1,1,1,0,0,1.3692824401893973,0.3675331115094142,1.3930447101735184,3,3,3.7902460385308654
1,0,1,1,1,0.7216937891614021,1.554391091854864,0.6442517483973349,3,4,0.41447183871641163
1,1,0,1,0,0.3808576570414048,0.6642476065957766,-1.144828321378525,3,3,-1.7234937491938187
1,0,1,1,1,-0.7098179657425869,1.1093193492253204,1.219811301504525,1,4,1.099602384790259
1,0,1,0,0,1.1988643741293985,-0.8193248688360357,0.45563366019237633,3,2,-0.5561093451844236
1,0,0,0,1,1.2329479873413982,0.8126048541389579,-1.1873878086929714,3,2,-1.4612100105421155
1,0,1,1,1,-0.8802360318025857,-0.9676821163792169,-1.2923247427864175,3,4,1.3354861647212084
1,0,1,0,1,0.3808576570414048,-1.2643966114655794,-0.12323288010478772,3,3,0.0974638625658837
1,1,1,1,0,1.7782857987333942,0.5158903590525954,1.625516324158565,3,4,3.1508888366413648
1,1,0,1,1,2.153205544065391,-0.8193248688360357,-0.6884880528374216,3,4,0.8403124564349814
1,1,0,1,1,1.130697147705399,1.554391091854864,-0.2279781047959164,3,4,-0.14666705137689487
1,0,1,0,0,0.48310849667740396,-1.2643966114655794,-0.7202399225962287,3,2,0.569631779852026
1,0,1,0,0,0.3808576570414048,-0.374253126206492,-0.3174345046522384,3,2,0.8481835704444208
1,1,0,0,0,-1.6982427488905794,1.8511055869412265,-0.45175090465081447,1,2,-0.24404370220371205
1,1,0,1,1,2.1191219308533915,0.6642476065957766,-0.970444656295628,3,4,-1.4609660399125002
1,0,1,0,1,-1.63007552246658,0.6642476065957766,-0.7545798692863196,3,3,-1.1359901425363672
1,0,1,1,0,0.14227236455740658,-1.1160393639223982,1.0783537262696286,3,3,-0.9662335643012089
1,1,1,0,1,1.6760349590973949,1.4060338443116829,-1.0835052763122708,3,4,-0.7706105440386118
1,0,0,1,0,1.0966135344933994,-0.9676821163792169,0.6612659578529976,3,2,-0.6833511026103969
1,0,1,0,0,-1.2892393903465826,0.5158903590525954,1.5464601593779579,1,2,2.9976469507416104
1,1,1,1,0,-0.0963129279265916,-0.8193248688360357,-1.1079721887830194,3,4,1.3523006358365333
1,1,1,1,0,-1.5278246828305808,0.5158903590525954,1.4685063236606755,1,4,2.846541811356372
1,0,1,0,0,0.005937911709407617,-0.5226103737496732,-0.19991664103171788,2,2,0.3825355056250422
1,1,1,1,0,-1.6982427488905794,0.5158903590525954,-1.1643107893890234,3,4,-2.256891434520657
1,1,0,1,1,-0.062229314714591866,-0.6709676212928545,1.3241491437157296,3,4,-1.9734948083770367
1,1,0,0,0,0.4149412702534045,-0.374253126206492,-0.3335380944468937,3,2,0.8912122900348346
1,1,1,1,0,0.5512757231014035,1.1093193492253204,0.02869682123169267,3,4,0.02586883153431083
1,1,0,0,0,-0.6757343525305872,1.554391091854864,0.7387644837397763,1,2,0.4752755032729258
1,1,0,1,1,1.4715332798253964,-0.6709676212928545,-0.7324134696433788,3,4,1.0915795904006749
1,0,1,0,1,-1.1188213242865839,-1.2643966114655794,0.7093131268087772,3,3,-0.5609898677096815
1,1,1,0,0,1.3692824401893973,0.3675331115094142,1.3930447101735184,3,3,3.7902460385308654
1,0,1,1,1,0.7216937891614021,1.554391091854864,0.6442517483973349,3,4,0.41447183871641163
1,1,0,1,0,0.3808576570414048,0.6642476065957766,-1.144828321378525,3,3,-1.7234937491938187
1,0,1,1,1,-0.7098179657425869,1.1093193492253204,1.219811301504525,1,4,1.099602384790259
1,0,1,0,0,1.1988643741293985,-0.8193248688360357,0.45563366019237633,3,2,-0.5561093451844236
1,0,0,0,1,1.2329479873413982,0.8126048541389579,-1.1873878086929714,3,2,-1.4612100105421155
1,0,1,1,1,-0.8802360318025857,-0.9676821163792169,-1.2923247427864175,3,4,1.3354861647212084
1,0,1,0,1,0.3808576570414048,-1.2643966114655794,-0.12323288010478772,3,3,0.0974638625658837
1,1,1,1,0,1.7782857987333942,0.5158903590525954,1.625516324158565,3,4,3.1508888366413648
1,1,0,1,1,2.153205544065391,-0.8193248688360357,-0.6884880528374216,3,4,0.8403124564349814
1,1,0,1,1,1.130697147705399,1.554391091854864,-0.2279781047959164,3,4,-0.14666705137689487
1,0,1,0,0,0.48310849667740396,-1.2643966114655794,-0.7202399225962287,3,2,0.569631779852026
1,0,1,0,0,0.3808576570414048,-0.374253126206492,-0.3174345046522384,3,2,0.8481835704444208
1,1,0,0,0,-1.6982427488905794,1.8511055869412265,-0.45175090465081447,1,2,-0.24404370220371205
1,1,0,1,1,2.1191219308533915,0.6642476065957766,-0.970444656295628,3,4,-1.4609660399125002
1,0,1,0,1,-1.63007552246658,0.6642476065957766,-0.7545798692863196,3,3,-1.1359901425363672
1,0,1,1,0,0.14227236455740658,-1.1160393639223982,1.0783537262696286,3,3,-0.9662335643012089
1,1,1,0,1,1.6760349590973949,1.4060338443116829,-1.0835052763122708,3,4,-0.7706105440386118
1,0,0,1,0,1.0966135344933994,-0.9676821163792169,0.6612659578529976,3,2,-0.6833511026103969
1,0,1,0,0,-1.2892393903465826,0.5158903590525954,1.5464601593779579,1,2,2.9976469507416104
1,0,1,1,1,-1.0165704846505845,1.1093193492253204,-0.0979032753236111,1,4,-0.08825518741451069
1,1,1,0,1,-1.221072163922583,0.9609621016821391,0.5783756050260439,1,4,0.6018707731999423
1,1,0,1,1,-0.7098179657425869,1.554391091854864,0.45103263453676057,1,4,0.29016657823994785
1,1,0,0,0,1.1647807609173988,1.4060338443116829,0.7987455629898095,1,2,0.5680837613813414
1,0,1,0,1,0.6876101759494024,-0.9676821163792169,-0.2753782545188751,3,3,0.28457541421213317
1,0,0,1,0,-0.3689818336225895,1.1093193492253204,-0.3738929236346907,1,2,-0.3370468448503573
1,1,1,0,1,-0.6416507393185875,1.554391091854864,1.2039233847874768,1,4,0.7745300501052016
1,0,0,1,0,-0.7439015789545866,1.554391091854864,1.0368486406679276,1,2,0.6670444645859275
1,0,1,1,0,0.8239446287974014,-0.9676821163792169,-0.31146754950511163,3,3,0.3218700295305268
1,1,0,1,0,1.2329479873413982,-0.374253126206492,-0.5143440245074212,3,3,1.3743249229361334
1,1,1,1,0,-1.1869885507105833,1.8511055869412265,0.9147297513917914,1,4,0.4941529341664184
1,1,0,0,1,-1.5959919092545802,-0.374253126206492,1.0164076256458427,1,3,-2.7158366097966913
1,1,1,0,0,-1.766409975314579,-0.374253126206492,-0.4892300928038516,3,3,1.3072206102415593
1,1,1,0,0,-0.1644801543505911,-0.5226103737496732,0.9363689501783595,2,3,-1.7917186281218038
1,0,1,0,0,1.8464530251573936,-0.374253126206492,1.5303805332585922,3,2,-4.089169910057402
1,1,1,0,1,0.040021524921407356,0.0708186164230517,0.577153457586271,1,4,8.149626992308987
1,1,0,0,0,-1.6982427488905794,1.4060338443116829,1.3739935883182341,1,2,0.9772116202361014
1,0,0,1,1,-0.062229314714591866,0.3675331115094142,1.2114959061790112,2,3,3.296281537524659
1,1,1,0,0,1.3692824401893973,-0.6709676212928545,0.07995512267628754,3,3,-0.11916408378441498
1,0,1,0,0,-1.357406616770582,-0.9676821163792169,1.6792428841579954,3,2,-1.7353267060136888
1,1,0,1,0,0.3126904306174053,1.2576765967685015,0.22184404406639802,3,3,0.17639182302078685
1,1,1,0,0,2.1191219308533915,0.5158903590525954,1.594627146710186,3,3,3.0910134832237284
1,1,0,1,0,1.7101185723093946,1.1093193492253204,-0.624313330411697,3,3,-0.5627890364110586
1,1,1,1,1,1.8464530251573936,1.1093193492253204,1.3071588979353566,3,5,1.1783421252915753
2,1,0,1,0,-0.3348982204105898,-0.6709676212928545,0.19035577473577733,1,4,-0.2837037919546424
2,0,1,1,0,1.0625299212813997,1.1093193492253204,0.4109174421018602,3,4,0.3704227028638023
2,0,1,1,1,-1.6641591356785796,1.2576765967685015,-0.32833797690903627,1,5,-0.2610668884876963
2,0,1,1,1,-1.2892393903465826,1.554391091854864,0.7091933084323289,1,5,0.4562512329730428
2,1,1,1,0,-1.0506540978625845,0.0708186164230517,-1.1215835563475494,1,5,-15.837187674776436
2,1,0,0,1,-0.4030654468345893,1.2576765967685015,0.2818970143423002,1,4,0.2241409205877653
2,0,1,1,0,-0.47123267325858875,1.554391091854864,1.4865509711537936,1,4,0.956355207250112
2,1,0,0,0,0.7898610155854017,1.8511055869412265,0.16725479175653962,3,3,0.09035394986785278
2,0,1,1,0,1.2670316005533981,0.6642476065957766,0.6922749536778249,3,4,1.042192556828506
2,1,0,0,0,0.7898610155854017,-0.9676821163792169,0.28980502718788986,3,3,-0.29948401625553733
2,1,0,1,1,1.2329479873413982,-0.22589587866331076,0.011419011347843715,3,5,-0.050550111695375766
2,0,1,0,1,0.48310849667740396,-0.374253126206492,-0.21292891671400635,3,4,0.5689451089357973
2,1,0,1,0,0.346774043829405,-0.374253126206492,0.7123804772458544,3,4,-1.903477435029458
2,0,1,0,1,0.6194429495254029,1.8511055869412265,0.07741497309558298,3,4,0.04182091600867981
2,1,0,0,1,1.5056168930373963,1.554391091854864,-0.40763377844253995,3,4,-0.26224643098647554
2,1,1,0,1,-1.3233230035585823,1.1093193492253204,1.4023905435364878,1,5,1.2641889644554247
2,0,0,0,1,-1.8004935885265787,0.3675331115094142,0.8960860120164315,1,3,2.4381029786223767
2,1,0,1,1,0.346774043829405,-0.8193248688360357,1.1570743995961803,3,5,-1.412230796156307
2,1,0,0,0,0.2445232041934058,0.8126048541389579,-0.827597187893931,3,3,-1.0184484688100826
2,1,0,0,0,-0.8802360318025857,1.4060338443116829,0.699511983615304,1,3,0.4975068622554276
2,1,1,0,1,1.4715332798253964,-0.9676821163792169,0.5840789597449844,3,5,-0.6035861916272988
2,1,0,1,0,0.5171921098894038,0.5158903590525954,0.6222530944814219,3,4,1.2061708023645785
2,1,1,0,0,-0.0963129279265916,-0.6709676212928545,0.49459859621337277,2,4,-0.7371433697556425
2,1,0,1,0,-0.4030654468345893,0.8126048541389579,-0.46346914186746097,1,4,-0.5703492529703169
2,0,1,1,0,-1.4596574564065812,-1.2643966114655794,-0.38503603264438524,3,4,0.30452180405631457
2,1,1,0,0,-1.63007552246658,-0.9676821163792169,-0.3504564492013977,1,4,0.3621610913652056
2,0,1,0,0,-0.1644801543505911,1.2576765967685015,0.939987465147099,1,3,0.7473993872215893
2,0,0,0,1,-1.5278246828305808,1.7027483393980452,-1.2257776165070158,1,3,-0.7198814224413982
2,0,0,0,1,-0.26673099398659034,1.554391091854864,1.719142403515289,1,3,1.1059901890415742
2,0,1,0,1,0.14227236455740658,0.6642476065957766,0.5491159574973622,3,4,0.8266723513528158
2,1,0,0,0,1.2670316005533981,0.6642476065957766,1.3890907037507234,3,3,2.0912211029989316
2,1,0,1,1,1.403366053401397,0.21917586396623295,1.1242441644493384,3,5,5.129392510253924
2,1,1,1,1,-1.1529049374985836,-0.5226103737496732,0.5863075815469233,3,6,-1.1218849316464063
2,0,1,1,0,0.5853593363134032,0.9609621016821391,1.6989649889213903,3,4,1.7679815030851853
2,0,1,1,1,1.5056168930373963,-0.374253126206492,-0.1012581898641643,3,5,0.27056142844274855
2,0,0,1,0,-0.9143196450145854,-0.07753863112012951,1.2662529042158972,1,3,-16.330817513035498
2,0,0,0,1,-0.9484032582265851,-0.9676821163792169,-0.15781246354777528,1,3,0.16308312818820309
2,1,0,0,0,1.4715332798253964,-1.2643966114655794,-0.013191683174642933,3,3,0.010433192787937836
2,1,0,0,0,1.130697147705399,-0.5226103737496732,0.551344579299301,3,3,-1.0549840990096588
2,1,1,1,0,-0.7779851921665865,0.8126048541389579,1.4030375627693088,1,5,1.7265905181743686
2,1,1,1,1,-0.43714906004658904,1.2576765967685015,0.8498840460579561,1,6,0.675756686961478
2,0,0,1,0,-0.9143196450145854,-0.8193248688360357,-0.027330251595545682,1,3,0.03335707970325841
2,1,0,1,1,1.3692824401893973,-0.6709676212928545,-0.1504795789091376,3,5,0.22427282391363296
2,0,1,0,0,1.0966135344933994,0.3675331115094142,1.2472257460359026,3,3,3.3934965680157165
2,1,1,0,0,-1.1188213242865839,-1.1160393639223982,0.1304705501869028,3,4,-0.1169050763885522
2,1,0,1,1,-0.6416507393185875,-0.22589587866331076,0.9839847729789252,1,5,-4.355941041255405
2,0,1,0,0,0.5171921098894038,-0.8193248688360357,-0.36394799838947944,3,3,0.4442052919885253
2,1,0,0,0,-1.4596574564065812,0.0708186164230517,-0.2871923464366803,1,3,-4.055265489170307
2,0,0,1,0,1.3351988269773976,-0.9676821163792169,-0.30904721830085535,3,3,0.31936886343015636
2,0,1,0,0,0.14227236455740658,-1.1160393639223982,-0.9199292287850128,3,3,0.8242810090791631
2,1,1,1,1,-1.5278246828305808,-0.9676821163792169,1.3588964728857447,3,6,-1.4042812760161556
2,1,1,0,1,-1.1529049374985836,0.5158903590525954,1.115018149462817,1,5,2.1613429453644724
2,1,1,0,1,0.005937911709407617,0.0708186164230517,-0.05697331792886212,3,5,-0.8044849832075252
2,1,1,0,1,1.539700506249396,0.9609621016821391,0.3471980295066392,3,5,0.3613021445869032
2,1,1,1,0,-0.13039654113859134,1.4060338443116829,-0.23679673730251335,1,5,-0.16841455833083283
2,1,1,0,1,-0.5053162864705885,-1.1160393639223982,0.9976919952446139,3,5,-0.8939585120874811
2,1,1,1,1,1.130697147705399,-0.6709676212928545,-0.47492377865592117,3,6,0.7078202753824215
2,1,0,1,1,1.6078677326733954,1.554391091854864,-0.6689576574763442,3,5,-0.4303660968051334
2,1,0,0,1,0.005937911709407617,0.3675331115094142,-1.0957507143852898,3,4,-2.981357866036396
2,1,0,1,1,-1.6982427488905794,-0.6709676212928545,-0.21060444021090877,1,5,0.31388214186438196
2,1,1,1,0,-1.4596574564065812,0.3675331115094142,-1.270278161519925,3,5,-3.456218407328397
2,1,1,1,0,-1.0847377110745842,-0.9676821163792169,1.075669794637186,1,5,-1.1115953142312331
2,1,1,1,1,-0.9484032582265851,-1.2643966114655794,-0.9709478934767111,3,6,0.7679146342111004
2,1,1,0,0,-1.4596574564065812,0.6642476065957766,0.02519812463940148,1,4,0.03793477982368671
2,1,1,0,0,-1.3233230035585823,0.3675331115094142,-1.319307841162581,3,4,-3.5896201191893655
2,1,0,0,1,1.5056168930373963,-0.8193248688360357,0.08160861627127448,3,4,-0.09960483195395119
2,1,1,1,0,-1.4937410696185809,0.3675331115094142,-0.36605680181497,1,5,-0.995980482768315
2,1,0,0,0,-1.4255738431945815,-0.8193248688360357,0.279189119034568,1,3,-0.3407555054281468
2,1,0,1,1,-0.0963129279265916,-1.1160393639223982,1.3610052763112352,3,5,-1.219496856297917
2,1,0,0,0,-0.6075671261065877,-0.374253126206492,1.149717551282253,1,3,-3.0720401322393593
2,1,1,0,0,-1.63007552246658,1.554391091854864,1.7135588671727966,1,4,1.1023980861405427
2,1,0,0,1,1.3011152137653978,-1.2643966114655794,1.0082120486967772,3,4,-0.7973865454405871
2,1,1,1,1,1.2670316005533981,-0.8193248688360357,0.44518549776608213,3,6,-0.5433571688794206
2,1,0,0,0,1.5737841194613957,-0.22589587866331076,-1.3100818261760596,3,3,5.7995198205829865
2,1,0,0,0,0.9943626948574001,0.5158903590525954,0.6383566842760772,3,3,1.237385881880988
2,1,0,1,1,-0.5393998996825883,-0.5226103737496732,-1.185494678345088,1,5,2.268414494442139
2,1,1,1,0,1.6078677326733954,1.4060338443116829,0.673918778405941,3,5,0.4793044647025477
2,1,0,0,0,0.040021524921407356,-0.9676821163792169,-0.3044701563205292,3,3,0.31463893545816884
2,1,1,1,0,-1.0165704846505845,-0.8193248688360357,-1.3011913026435937,3,5,1.5881281531467137
2,1,0,0,0,1.3351988269773976,1.554391091854864,1.5924943796094058,3,3,1.0245126618658194
2,1,0,1,1,1.2670316005533981,0.3675331115094142,0.9409939395092649,3,5,2.560290079320058
2,1,0,0,0,1.4374496666133967,-0.9676821163792169,0.03509512253403341,3,3,-0.036267239217552594
2,1,1,1,0,0.5512757231014035,-0.374253126206492,0.4533091836892788,3,5,-1.2112401024521298
2,1,0,1,1,-0.1644801543505911,-1.2643966114655794,0.5276684681131114,3,5,-0.4173286140257029
2,1,0,0,0,1.1647807609173988,0.5158903590525954,0.6396267590664294,3,3,1.2398477854738
2,1,0,1,1,1.403366053401397,0.0708186164230517,-0.3834544300752673,3,5,-5.414522831988304
2,1,0,1,0,-1.7323263621025793,-0.8193248688360357,0.9075885761554711,1,4,-1.107728714708175
2,1,1,0,0,-1.5619082960425805,1.2576765967685015,-1.346266975863455,3,4,-1.070438862330518
2,1,1,1,1,-0.8120688053785862,-1.1160393639223982,-0.02052456781328063,3,6,0.01839055759798932
2,1,1,0,1,1.0284463080693997,1.1093193492253204,-0.7442994525870531,3,5,-0.6709508692478463
2,1,0,1,0,1.130697147705399,-0.07753863112012951,1.0022450935496505,3,4,-12.925918409821758
2,1,0,0,0,-0.0963129279265916,0.21917586396623295,-0.3435069833673946,2,3,-1.5672593226825087
2,1,1,1,0,-0.26673099398659034,1.554391091854864,0.22222746287103268,1,5,0.142967443050902
2,1,0,1,0,0.8921118552214009,0.3675331115094142,1.4457647958107829,3,4,3.933688739456638
2,1,1,1,1,-0.9484032582265851,0.6642476065957766,-0.37156844713159315,3,6,-0.5593815981577335
2,1,0,1,1,-1.3233230035585823,0.9609621016821391,0.9212718347458702,1,5,0.9586963673560509
2,1,1,1,1,-1.7323263621025793,0.5158903590525954,0.24655059329004334,3,6,0.4779118490040601
2,1,1,0,0,-0.8461524185905859,0.5158903590525954,1.6665660999297622,1,4,3.2304594188014977
2,1,1,0,0,0.5512757231014035,-0.9676821163792169,0.5109418227609247,3,4,-0.5280064001586818
2,1,0,1,1,0.21043959098140605,-1.2643966114655794,1.0227579995976042,3,5,-0.8088908173384993
2,1,0,1,0,-1.6982427488905794,1.554391091854864,-1.0284127868213293,1,4,-0.661617356528184
2,1,0,0,1,-0.8120688053785862,-0.374253126206492,1.294577968408282,1,4,-3.459106516054913
2,1,0,0,1,-1.63007552246658,0.6642476065957766,-0.3088315452232484,1,4,-0.4649336741645368
2,1,0,0,0,-0.43714906004658904,0.5158903590525954,1.6560220828023093,1,3,3.2100209738800394
2,1,0,1,1,0.7216937891614021,1.7027483393980452,0.04877838112443251,3,5,0.028646836029122533
2,1,0,1,1,-0.47123267325858875,1.554391091854864,1.5624199671208754,1,5,1.0051646398023242
2,1,0,1,0,0.005937911709407617,-0.374253126206492,0.9751421767970385,3,4,-2.605575515846256
2,1,1,0,0,0.5171921098894038,-0.6709676212928545,0.6203599641335382,3,4,-0.924576490762231
2,1,0,1,0,-1.4255738431945815,1.4060338443116829,0.6327252205830057,1,4,0.45000678549524364
2,1,1,1,0,1.2670316005533981,-0.9676821163792169,1.5894509928476181,3,5,-1.6425359200920284
2,1,1,0,0,-0.1644801543505911,-0.9676821163792169,-0.18798273073746438,1,4,0.19426103037004736
2,1,0,1,0,1.2670316005533981,-0.8193248688360357,-1.0240034705680308,3,4,1.2498152556238489
2,1,0,0,1,0.7216937891614021,1.1093193492253204,1.4002577764357076,3,4,1.2622663754555299
2,1,0,0,1,0.48310849667740396,1.554391091854864,0.8427668344969254,3,4,0.5421842010861284
2,1,1,1,0,1.1647807609173988,1.7027483393980452,-0.43936168452605734,3,5,-0.258030747309748
2,1,0,0,0,0.7898610155854017,1.4060338443116829,1.156235670961042,3,3,0.8223378500460073
2,1,1,0,0,-0.573483512894588,-0.6709676212928545,0.15031247332674597,1,4,-0.2240237719085278
2,1,1,0,0,0.6876101759494024,-1.2643966114655794,1.2611486413791984,3,4,-0.9974319982947287
2,1,0,1,0,-0.3348982204105898,0.5158903590525954,-0.24218856424268814,1,4,-0.4694565241167315
2,1,1,0,0,-0.13039654113859134,1.2576765967685015,1.4428651911007333,1,4,1.147245681093514
2,1,0,0,0,-1.8004935885265787,0.21917586396623295,0.41110915150417754,1,3,1.875695929144758
2,1,0,1,1,-0.1644801543505911,0.3675331115094142,0.3234260636192908,1,5,0.8799892404300178
2,1,1,1,0,0.2445232041934058,0.0708186164230517,0.8872194521592552,3,5,12.527877118951272
2,1,1,1,1,0.7216937891614021,-0.22589587866331076,1.5283436208589707,3,6,-6.765729395472126
2,1,0,0,0,0.7898610155854017,0.5158903590525954,-0.8862123376524532,3,3,-1.7178274497171862
2,1,1,0,1,-0.7098179657425869,0.8126048541389579,1.450341857791109,1,5,1.7848036048520717
2,1,0,0,1,0.005937911709407617,0.21917586396623295,0.8721942277526348,3,4,3.9794082822857053
2,1,1,1,1,-0.9484032582265851,-0.07753863112012951,-0.04642930080140922,3,6,0.5987969987047455
2,1,1,0,1,-1.1188213242865839,-0.374253126206492,1.1005680532631488,1,5,-2.9407128943227834
2,1,0,0,0,-0.6075671261065877,1.554391091854864,1.2123346348141495,1,3,0.779941329582721
2,1,0,1,1,1.4374496666133967,0.6642476065957766,-0.5699397511794456,3,5,-0.8580217489658628
2,1,0,0,0,-1.5278246828305808,-0.07753863112012951,-1.239245202019808,3,3,15.982500163047773
2,1,0,1,1,-0.7439015789545866,1.7027483393980452,1.4624435138123901,1,5,0.8588718726676425
2,1,0,0,0,-1.3233230035585823,1.2576765967685015,1.2942664406295163,1,3,1.0290923873932611
2,1,0,1,1,1.0625299212813997,0.9609621016821391,-0.21963874579511272,3,5,-0.2285610606803125
2,1,0,1,0,0.14227236455740658,1.8511055869412265,0.2412066937004479,3,4,0.13030405455961264
2,1,1,1,1,0.755777402373402,0.6642476065957766,-0.28896565840811556,3,6,-0.43502636744552986
2,1,0,0,0,1.403366053401397,0.0708186164230517,-0.23646124584845804,3,3,-3.338922996079518
2,1,1,1,1,-0.7779851921665865,0.9609621016821391,0.30777778365513914,3,6,0.32028054263101535
2,1,1,0,1,-0.26673099398659034,0.9609621016821391,0.4176991622088356,1,5,0.43466722237062466
2,1,1,1,0,-1.5959919092545802,-0.6709676212928545,-0.4861148150161951,1,5,0.7244992516610186
2,1,1,1,0,-1.766409975314579,0.0708186164230517,-0.07070450386984056,1,5,-0.9983745668357832
2,1,0,1,1,-1.357406616770582,-0.374253126206492,-1.1138912165795667,1,5,2.9763123268536407
2,1,1,0,1,-0.26673099398659034,0.6642476065957766,-0.29581926954095994,1,5,-0.44534420788176143
2,1,1,1,0,-1.63007552246658,0.21917586396623295,-0.6308793774410654,1,5,-2.8784031581830667
2,1,1,0,0,-1.63007552246658,-0.5226103737496732,-0.7241699653437339,1,4,1.3856811640171747
2,1,0,1,1,-0.19856376756259084,1.554391091854864,1.2750475730472044,1,5,0.820286966029069
2,1,0,1,1,-0.8461524185905859,0.0708186164230517,1.7368036322037723,1,5,24.52432983862427
2,1,0,1,0,-0.6757343525305872,1.2576765967685015,-0.43718099007469774,1,4,-0.3476097460891393
2,1,1,1,0,-1.0847377110745842,-0.374253126206492,-0.9107751048243605,1,5,2.4335869886864563
3,1,1,1,1,-1.4937410696185809,-0.22589587866331076,-0.15884290158523093,3,7,0.7031717696530044
3,1,1,0,1,-0.26673099398659034,0.9609621016821391,-0.7097677964946448,1,6,-0.7386004678558584
3,1,0,1,0,0.27860681740540555,-1.2643966114655794,1.3107294855535168,3,5,-1.0366450766419784
3,1,1,1,0,0.6876101759494024,0.21917586396623295,1.0798394741375879,2,6,4.926794984638302
3,1,0,0,0,1.2329479873413982,1.2576765967685015,-0.38529963307257153,2,4,-0.30635803171064435
3,1,0,0,1,-0.4030654468345893,-1.2643966114655794,-0.8558024337098674,3,5,0.6768470452992907
3,1,0,0,1,-1.2551557771345827,-0.22589587866331076,1.3257067826095577,1,5,-5.868688969197403
3,1,1,1,0,-0.8802360318025857,0.9609621016821391,-0.723163490981568,1,6,-0.7525403313776464
3,1,1,0,0,0.346774043829405,1.554391091854864,-0.37204772063738645,2,5,-0.23935255627389357
3,1,1,0,1,-0.8461524185905859,-0.374253126206492,-0.5188971228124577,1,6,1.386490781153661
3,1,0,0,1,1.5056168930373963,0.0708186164230517,-0.0699137025852816,2,5,-0.9872081510247317
3,1,0,0,0,-0.1644801543505911,-1.1160393639223982,-1.0847513874273333,3,4,0.9719660385283669
3,1,0,0,0,-1.6982427488905794,0.0708186164230517,1.17861774368159,1,4,16.6425321572054
3,1,0,0,1,-1.4255738431945815,1.2576765967685015,-0.8922991111760282,1,5,-0.7094815980412762
3,1,0,0,1,0.005937911709407617,-0.6709676212928545,1.2336383421466621,2,5,-1.8385986768903968
3,1,0,0,0,1.3011152137653978,1.2576765967685015,0.7586543342301988,2,4,0.6032184529481152
3,1,0,1,1,-1.1529049374985836,1.554391091854864,-0.05663782647480681,1,6,-0.03643728424224071
3,1,0,1,0,-0.47123267325858875,-0.374253126206492,1.524245832384438,1,5,-4.072778016880101
3,1,1,0,0,-1.0847377110745842,1.554391091854864,-0.6816344417045773,1,5,-0.438521557898033
3,1,0,1,1,0.44902488346540426,-0.9676821163792169,0.9460502749953844,2,6,-0.9776467257470428
3,1,1,1,1,0.8921118552214009,-1.1160393639223982,0.15146272974064992,3,7,-0.13571462651904107
3,1,1,1,0,-1.3914902299825818,-0.8193248688360357,-0.4841258299671528,1,6,0.5908845676068505
3,1,0,0,0,-0.5053162864705885,-0.6709676212928545,0.841640541758311,1,4,-1.2543702101553025
3,1,0,0,0,-0.062229314714591866,0.5158903590525954,1.581375234275001,2,4,3.0653260740383494
3,1,1,0,0,0.9261954684334006,-0.5226103737496732,-0.45038497515930354,2,5,0.8618004149597119
3,1,0,1,1,-1.3233230035585823,1.554391091854864,0.9395081916413057,1,6,0.6044216234529255
3,1,0,1,1,-0.5393998996825883,-0.374253126206492,-0.8791670171172915,1,6,2.3491303203237246
3,1,0,1,0,1.0966135344933994,0.9609621016821391,0.40034946129911764,2,5,0.4166127300812248
3,1,1,0,0,1.3692824401893973,-0.374253126206492,-0.31820134226150765,2,5,0.8502325570915833
3,1,1,1,0,0.2445232041934058,0.3675331115094142,1.5800332684587794,2,6,4.299011218223503
3,1,1,1,1,0.6535265627374027,-0.9676821163792169,0.8455705845058162,3,7,-0.8738111865504796
3,1,0,1,0,-0.26673099398659034,0.5158903590525954,1.1747595919599536,1,5,2.277145316249009
3,1,0,0,1,-0.7779851921665865,0.0708186164230517,1.2683137802908084,1,5,17.909074411168
3,1,1,1,0,0.3808576570414048,1.4060338443116829,-0.8240266002757708,2,6,-0.5860641388863793
3,1,1,0,1,0.3808576570414048,1.2576765967685015,-0.44484936616739074,2,6,-0.35370699717510623
3,1,1,1,1,-0.028145701502592123,0.3675331115094142,0.08168050729714348,3,7,0.2222392554576564
3,1,0,1,1,0.755777402373402,0.3675331115094142,-0.21661932270861486,2,6,-0.5893856268714429
3,1,0,0,0,-0.6416507393185875,1.2576765967685015,-0.07511382012313904,1,4,-0.059724225283282285
3,1,1,0,0,1.0966135344933994,0.3675331115094142,-0.940274389105939,2,5,-2.5583323007607537
3,1,0,1,0,-1.2551557771345827,1.554391091854864,-0.30370331871125994,1,5,-0.19538398342521754
3,1,1,1,0,1.4374496666133967,-0.8193248688360357,0.5446587138934843,2,6,-0.6647660767740702
3,1,0,0,1,-1.5959919092545802,0.6642476065957766,-1.0855901160624717,1,5,-1.634312974514223
3,1,1,0,1,-0.028145701502592123,-0.9676821163792169,-0.9202886839143578,2,6,0.9510247418672508
3,1,0,1,0,1.3351988269773976,0.8126048541389579,0.9443248903745285,2,5,1.1620946188913945
3,1,1,0,1,-1.5619082960425805,-0.6709676212928545,-0.8091211942455987,1,6,1.2059037939719575
3,1,0,1,1,1.0966135344933994,0.0708186164230517,-0.013742847706305244,2,6,-0.19405425220337627
3,1,0,0,0,-0.43714906004658904,1.7027483393980452,-0.42495951567696827,1,4,-0.24957256235213088
3,1,0,1,0,-0.43714906004658904,0.9609621016821391,0.006985731419255565,1,5,0.0072695105639615475
3,1,0,1,1,1.5056168930373963,0.0708186164230517,1.4151871461411694,2,6,19.982982365893292
3,1,0,1,0,0.5512757231014035,-0.374253126206492,-0.4109647293078035,2,5,1.09809591056553
3,1,1,0,0,-0.6416507393185875,0.21917586396623295,-0.883432551318852,1,5,-4.030683418551678
3,1,1,1,1,-0.062229314714591866,0.5158903590525954,1.627097926727683,3,7,3.1539546033795838
3,1,1,1,0,1.1988643741293985,1.8511055869412265,0.019350987868723055,2,6,0.010453740484333039
3,1,1,1,1,1.6078677326733954,-0.6709676212928545,-1.2888739735447055,3,7,1.920921149641146
3,1,0,0,1,-0.7098179657425869,-0.9676821163792169,1.0788569634507117,1,5,-1.1148889289970676
3,1,0,0,0,-0.7098179657425869,-0.5226103737496732,1.095751354529926,1,4,-2.096692882999807
3,1,1,1,0,-1.4596574564065812,0.8126048541389579,-0.5425492703233578,1,6,-0.6676659632217962
3,1,0,0,0,1.4715332798253964,-1.1160393639223982,-0.03238658708166514,3,4,0.029019241747066934
3,1,0,0,0,0.7216937891614021,-0.374253126206492,1.6674287922401902,2,4,-4.455362242404987
3,1,1,0,1,-1.2551557771345827,0.8126048541389579,1.0246271662701982,1,6,1.260915314664942
3,1,0,0,0,-0.47123267325858875,-1.2643966114655794,0.8654843986715284,3,4,-0.684504431068321
3,1,0,1,0,1.5056168930373963,0.6642476065957766,0.027714310544816375,2,5,0.04172279816565984
3,1,0,0,0,1.0625299212813997,1.2576765967685015,-0.022202025083557227,2,4,-0.017653192790110513
3,1,1,0,1,0.21043959098140605,1.7027483393980452,-0.9435813762959128,2,6,-0.5541516619407335
3,1,1,0,1,-0.6416507393185875,-0.22589587866331076,-0.9428385023619332,1,6,4.17379317291741
3,1,0,0,0,-1.2551557771345827,-0.07753863112012951,-0.9206721027189925,1,4,11.873874522844137
3,1,1,1,0,-0.8461524185905859,0.9609621016821391,1.7455264100092107,1,6,1.8164343739668207
3,1,1,1,0,-0.7779851921665865,-1.2643966114655794,-0.1960584893100817,3,6,0.15506103274340494
3,1,0,0,1,0.005937911709407617,-0.8193248688360357,0.3625347816920252,2,5,-0.4424804347602574
3,1,1,1,0,-1.5959919092545802,0.0708186164230517,-0.024981811417158446,1,6,-0.352752707214987
3,1,0,0,0,1.6078677326733954,-0.07753863112012951,0.0239280498490492,2,4,-0.30859918601301256
3,1,1,1,0,-1.5278246828305808,-0.07753863112012951,1.2119032886589354,1,6,-15.629872503859788
3,1,0,1,0,0.8580282420094011,1.554391091854864,0.6532141629556698,2,5,0.4202377034588397
3,1,0,1,0,-1.6641591356785796,-0.5226103737496732,0.8934979350851476,1,5,-1.7096860101731124
3,1,1,1,0,1.6078677326733954,-0.8193248688360357,1.2231662160450782,2,6,-1.492897085718688
3,1,0,0,0,0.1763559777694063,1.2576765967685015,0.4821374850627466,2,4,0.38335538957007664
3,1,0,0,0,0.0741051381334071,-0.6709676212928545,-0.9201209381873301,2,4,1.3713363809579555
3,1,0,1,0,1.3351988269773976,-0.22589587866331076,-0.2227300599074796,2,5,0.9859898605291171
3,1,1,0,1,-1.1188213242865839,0.3675331115094142,-0.5655543986014367,1,6,-1.5387807033169774
3,1,1,0,1,-1.8004935885265787,1.4060338443116829,0.721079291376003,1,6,0.5128459613168432
3,1,1,0,1,0.7898610155854017,0.3675331115094142,0.0914337231400374,2,6,0.24877615512892437
3,1,0,0,1,0.8239446287974014,1.1093193492253204,-0.4975934154799449,2,5,-0.4485570068442654
3,1,0,1,0,-1.5278246828305808,-1.1160393639223982,-0.6452336189395751,3,5,0.5781464506935536
3,1,1,0,1,1.2329479873413982,1.1093193492253204,0.33162164056835647,2,6,0.29894127589017927
3,1,1,1,0,-0.6757343525305872,-1.2643966114655794,0.21153966369184177,3,6,-0.16730496513400822
3,1,0,0,0,1.3011152137653978,0.21917586396623295,1.6392235464242537,2,4,7.47899899998933
3,1,0,0,0,1.1647807609173988,-1.2643966114655794,-0.8600440042361382,3,4,0.6802016682415155
3,1,0,1,1,0.8239446287974014,-0.6709676212928545,1.7350542839076268,2,6,-2.585902530537855
3,1,1,1,0,0.7898610155854017,1.7027483393980452,-0.3215322931267712,2,6,-0.1888312540708071
3,1,0,0,0,-1.4596574564065812,1.7027483393980452,0.018200731454819104,1,4,0.01068902570313339
3,1,0,1,0,-0.3348982204105898,0.0708186164230517,0.14144591346956967,1,5,1.9972702566563065
3,1,1,1,0,-1.2551557771345827,-0.5226103737496732,1.3392702228235085,1,6,-2.5626601628179198
3,1,0,1,0,0.5512757231014035,0.0708186164230517,0.1942858174832825,2,5,2.7433898585765664
3,1,1,0,1,-0.8120688053785862,-0.374253126206492,-0.5672318558717133,1,6,1.5156409707576266
3,1,0,0,1,-1.5619082960425805,-0.5226103737496732,0.6145367910381495,1,5,-1.1759008198205587
3,1,0,1,1,-0.062229314714591866,1.7027483393980452,-0.7249847303035826,2,6,-0.42577302103660114
3,1,1,1,0,0.8580282420094011,1.7027483393980452,1.5802968688869659,2,6,0.9280854394256476
3,1,0,0,1,-1.1529049374985836,0.21917586396623295,-0.9728410238245946,1,5,-4.438611841688151
3,1,1,1,0,-0.13039654113859134,0.0708186164230517,0.7428862358895988,1,6,10.489837045316023
3,1,0,0,0,-1.766409975314579,-0.5226103737496732,1.6861923499919984,1,4,-3.226486999063424
3,1,0,0,0,0.6535265627374027,1.7027483393980452,-0.32428811578508276,2,4,-0.19044970876319642
3,1,0,0,1,0.2445232041934058,1.1093193492253204,0.7986736719639406,2,5,0.719966664743583
3,1,1,0,0,1.1647807609173988,-0.9676821163792169,1.6011931937395543,2,5,-1.654670290281944
3,1,1,1,0,0.3808576570414048,-0.22589587866331076,-1.0736562057682182,2,6,4.752901934392542
3,1,1,1,0,-0.7779851921665865,-0.5226103737496732,0.07923621241759758,1,6,-0.15161651588658887
3,1,1,0,0,0.6535265627374027,-1.2643966114655794,-0.07595254875827734,3,5,0.060070240729671334
3,1,1,1,1,-1.5959919092545802,1.2576765967685015,1.133589997812308,1,7,0.9013359232326105
3,1,1,0,0,0.6535265627374027,-0.07753863112012951,1.4557336847312836,2,5,-18.77454422712382
3,1,1,1,0,0.5853593363134032,0.8126048541389579,1.4620361313324657,2,6,1.7991946820044116
3,1,0,1,0,0.3808576570414048,-0.8193248688360357,1.6465085037123122,2,5,-2.0095942109576375
3,1,0,1,1,-1.0165704846505845,1.8511055869412265,1.0785693993472356,1,6,0.5826619639063932
3,1,1,1,0,-0.1644801543505911,0.0708186164230517,1.3223997954195839,1,6,18.672789577396586
3,1,1,0,1,-1.0847377110745842,-0.5226103737496732,1.3450694322436076,1,6,-2.573756805380012
3,1,1,1,0,-1.4255738431945815,-0.22589587866331076,1.0103927431481368,1,6,-4.47284484326046
3,1,1,0,1,-1.6982427488905794,0.9609621016821391,0.876555616655354,1,6,0.9121636565659678
3,1,0,1,0,0.8580282420094011,0.5158903590525954,-1.0073247525664235,2,5,-1.9525908602468494
3,1,0,0,1,-0.23264738077459057,0.9609621016821391,-1.2668034286029235,3,5,-1.318264381208206
3,1,1,0,0,-1.1529049374985836,0.3675331115094142,0.8195939604918187,1,5,2.2299806598246192
3,1,1,1,0,0.8239446287974014,1.2576765967685015,-1.0559230860538655,2,6,-0.8395816930880955
3,1,0,1,0,0.2445232041934058,0.3675331115094142,1.4892828301368157,2,5,4.052094168948094
3,1,1,0,0,0.3808576570414048,0.5158903590525954,1.4339267402176878,2,5,2.7795130022162247
3,1,0,1,1,0.8239446287974014,-0.22589587866331076,-1.2619867298697007,3,6,5.586610627639117
3,1,0,1,1,0.7216937891614021,1.2576765967685015,-0.9224214510151381,2,6,-0.7334323624633401
3,1,0,1,0,-1.357406616770582,-0.22589587866331076,-0.9992010666432268,1,5,4.423301106053425
3,1,0,1,0,-0.5393998996825883,1.4060338443116829,0.688824184436113,1,5,0.489905486498326
3,1,0,1,1,-0.7098179657425869,1.1093193492253204,-0.11196995271864485,1,6,-0.10093563396437975
3,1,0,1,0,0.2445232041934058,1.2576765967685015,1.071739751889681,2,5,0.8521577824423585
3,1,0,1,1,-1.221072163922583,1.2576765967685015,1.5944594009831583,1,6,1.2677807134992225
3,1,0,0,0,0.346774043829405,-0.07753863112012951,-0.23708430140598935,2,4,3.057667586448098
3,1,1,1,0,-1.4596574564065812,0.3675331115094142,0.7326058191903323,1,6,1.9933002032970946
3,1,0,1,1,-0.7098179657425869,-0.07753863112012951,1.5833162919734638,1,6,-20.419972458539807
3,1,0,0,1,0.9261954684334006,0.9609621016821391,1.600138792026809,2,5,1.6651407210389355
3,1,0,1,0,0.6876101759494024,0.3675331115094142,1.1538632671073652,2,5,3.139472584921712
3,1,0,0,0,0.5853593363134032,-1.2643966114655794,0.9696544951557051,3,4,-0.7668916962087241
3,1,1,1,0,0.755777402373402,-0.5226103737496732,0.1225146099907338,2,6,-0.23442865004831998
3,1,1,0,0,0.5171921098894038,-0.6709676212928545,0.08084177866200518,2,5,-0.12048554443175565
3,1,0,1,1,-0.028145701502592123,0.5158903590525954,1.1749752650375607,2,6,2.2775633753496756
3,1,0,0,0,0.5512757231014035,1.4060338443116829,0.9271189715165485,2,4,0.659385487683568
3,1,1,1,0,-1.0847377110745842,1.8511055869412265,-0.9278851689811818,1,6,-0.501259719741164
3,1,0,0,0,1.6078677326733954,0.9609621016821391,0.5512726882734321,2,4,0.5736668632837667
3,1,1,0,1,1.3351988269773976,-0.374253126206492,0.9924918777067565,2,6,-2.651933838738309
3,1,1,0,1,0.10818875134540684,-0.9676821163792169,-0.509263725346012,2,6,0.5262722571786146
3,1,1,1,1,0.48310849667740396,1.4060338443116829,-1.2635683324388185,3,7,-0.8986749777580313
3,1,1,0,0,-0.43714906004658904,-0.22589587866331076,0.8728172833101662,1,5,-3.863820589802184
3,1,0,1,0,-1.1529049374985836,-0.8193248688360357,-0.294740904152925,1,5,0.35973674802327643
3,1,0,1,1,-0.9484032582265851,0.9609621016821391,0.08795899022303588,1,6,0.09153212029584291
3,1,1,0,0,-0.26673099398659034,1.8511055869412265,1.7292071471369483,1,5,0.9341478007456583
3,1,0,1,1,1.0966135344933994,-1.2643966114655794,0.8036581164241909,3,6,-0.6356065373341965
3,1,0,1,1,-1.63007552246658,0.3675331115094142,1.5643370611440486,1,6,4.256304414084239
3,1,0,1,0,-1.1188213242865839,-0.22589587866331076,-0.5396257019380185,1,5,2.3888354845897757
3,0,0,1,1,1.3351988269773976,0.3675331115094142,-1.3014069757212008,3,5,-3.540914802102297
3,1,1,1,1,0.9943626948574001,0.21917586396623295,1.1129572733879058,3,7,5.077895783559397
3,0,1,0,0,-0.028145701502592123,-1.2643966114655794,1.5776608646051027,3,4,-1.247758889938263
3,1,0,0,0,-0.9824868714385848,0.6642476065957766,-1.270997071778615,3,4,-1.9134358117699002
3,1,1,1,1,-0.19856376756259084,-1.1160393639223982,-0.4677107123937318,3,7,0.41908121397362036
3,0,0,1,0,-1.63007552246658,-1.1160393639223982,0.9747827216676935,3,4,-0.8734311948217878
3,1,0,0,1,0.040021524921407356,-1.2643966114655794,-1.173440949674386,3,5,0.9280647125263536
3,0,1,1,0,-1.4937410696185809,-0.22589587866331076,-1.2883467726883329,3,5,5.703302263034362
3,1,1,1,1,-0.43714906004658904,-0.07753863112012951,-0.867448779900645,3,7,11.187455270031418
3,1,1,1,0,-0.6416507393185875,-1.2643966114655794,1.7255167411423398,3,6,-1.3646968761163827
3,1,1,1,1,-0.23264738077459057,0.3675331115094142,-1.1826909283361968,3,7,-3.2179079201085337
3,0,1,1,0,1.3692824401893973,-1.1160393639223982,-0.9255846561533739,3,5,0.8293484221280164
3,1,1,0,0,0.3126904306174053,-1.1160393639223982,1.0800791108904846,3,5,-0.9677795547228929
3,1,1,1,1,0.44902488346540426,0.0708186164230517,0.01709840239149448,3,7,0.24143596442763238
3,1,0,0,0,-0.028145701502592123,-1.2643966114655794,1.3257067826095577,3,4,-1.04849049663571
3,1,1,0,0,1.3011152137653978,0.3675331115094142,-1.317366783464118,3,5,-3.58433881974619
3,1,1,1,1,-0.3689818336225895,-1.1160393639223982,-0.6696046767091651,3,7,0.5999835653998404
3,1,1,1,0,0.4149412702534045,-1.1160393639223982,-1.0232845603093408,3,6,0.9168901297558737
3,1,1,1,1,0.005937911709407617,-0.8193248688360357,0.37530742062141703,3,7,-0.45806967781201563
3,0,1,0,0,1.3011152137653978,-1.1160393639223982,0.9177971018288686,3,4,-0.8223705667278352
3,0,1,1,1,-1.4255738431945815,1.554391091854864,-1.317798129619332,3,6,-0.847790037355888
3,1,0,1,0,0.7898610155854017,-1.2643966114655794,1.1406113546721801,3,5,-0.9021000581851758
3,1,1,0,1,1.0284463080693997,-1.2643966114655794,0.19912647989179497,3,6,-0.15748748104320337
3,1,0,0,1,-0.13039654113859134,-1.2643966114655794,1.6774695721865602,3,5,-1.3266967687764915
3,1,1,1,1,-0.8802360318025857,0.3675331115094142,1.2929724021638744,3,7,3.5179657116826712
3,0,1,0,1,-0.9484032582265851,-1.1160393639223982,1.3152586201832634,3,5,-1.1785066380341003
3,1,1,1,1,-1.1529049374985836,0.0708186164230517,0.5847259789778053,3,7,8.256553883105722
3,0,1,0,0,-0.43714906004658904,-1.2643966114655794,-0.8256800938707577,3,4,0.6530235366078975
3,1,0,1,0,-0.23264738077459057,0.8126048541389579,-1.2583202875503818,3,5,-1.5485001506464726
3,1,1,1,1,1.6078677326733954,0.9609621016821391,0.7991289817944441,3,7,0.831591744152914
3,0,1,0,0,1.4374496666133967,-1.1160393639223982,0.5151594296119059,3,4,-0.46159652415651775
3,1,0,1,0,0.14227236455740658,0.0708186164230517,-1.2396765481750218,3,5,-17.504705769226796
3,1,1,1,1,-0.6075671261065877,-0.9676821163792169,0.408353328845866,3,7,-0.42199162713209304
3,0,1,1,0,0.10818875134540684,-0.22589587866331076,-1.2888979372199951,3,5,5.705742179047172
3,1,1,1,1,-0.23264738077459057,0.0708186164230517,1.1049294421658677,3,7,15.60202522935742
3,1,1,1,1,-0.028145701502592123,1.8511055869412265,0.07952377652107356,3,7,0.042960128326526494
3,1,0,0,1,0.6876101759494024,1.2576765967685015,-1.318445148852153,3,5,-1.0483172732342443
3,1,1,1,1,-0.5053162864705885,-0.9676821163792169,-0.8574079999542751,3,7,0.8860439512992132
3,0,1,1,0,-1.0847377110745842,-1.1160393639223982,1.6949870188233058,3,5,-1.5187533633397245
3,1,1,0,1,-0.47123267325858875,-0.9676821163792169,-1.2876518261049326,3,6,1.3306571806660377
3,0,0,1,0,0.9261954684334006,-1.1160393639223982,-0.4655060542670826,3,4,0.41710578176813523
3,0,0,1,1,1.2670316005533981,-1.1160393639223982,-1.1205051909595145,3,5,1.0040023955999302
3,1,1,1,1,-1.221072163922583,-0.6709676212928545,0.9870041960654231,3,7,-1.471018326013909
3,0,0,0,1,-0.573483512894588,-1.1160393639223982,1.3333991223775403,3,4,-1.1947610095509726
3,1,0,0,0,-1.2892393903465826,-1.2643966114655794,0.7018843874689809,3,4,-0.5551145393927905
3,1,1,0,0,1.0966135344933994,-1.1160393639223982,1.0414017389729642,3,5,-0.933123602770143
3,1,1,1,1,-0.9824868714385848,-0.22589587866331076,-1.306535202233189,3,7,5.7838194914570815
3,0,0,1,0,1.0966135344933994,-1.1160393639223982,-0.22157980349357564,3,4,0.19854138590255738
3,0,1,0,1,0.6194429495254029,-1.1160393639223982,1.5308118794138064,3,5,-1.3716480802986524
3,1,1,1,1,-1.1188213242865839,-1.2643966114655794,-0.4218442378893117,3,7,0.3336331082329097
4,1,0,1,1,1.5737841194613957,-1.2643966114655794,1.6992285893495767,3,7,-1.3439057949433848
4,1,0,1,1,-0.1644801543505911,0.3675331115094142,0.06840463118666869,1,7,0.1861177753154391
4,0,1,0,0,1.3692824401893973,-1.1160393639223982,0.1297037125776335,3,5,-0.11621796953447042
4,1,1,1,1,-1.6982427488905794,0.0708186164230517,0.811901620723836,3,8,11.46436060700779
4,1,1,1,1,-1.2892393903465826,1.7027483393980452,0.045447430259168975,3,8,0.02669061687919111
4,1,1,1,1,-1.4596574564065812,0.21917586396623295,1.2152582031994887,3,8,5.544646370096412
4,1,0,1,1,-1.357406616770582,0.8126048541389579,-0.24309918390369542,1,7,-0.2991600204028616
4,0,0,0,1,-0.43714906004658904,0.0708186164230517,-0.009980550685827733,1,5,-0.14092918304170698
4,0,1,1,0,0.040021524921407356,-1.2643966114655794,1.6320823711879333,3,6,-1.2908004080274866
4,1,1,0,0,-0.8120688053785862,-0.6709676212928545,0.3228748990876285,1,6,-0.48120858600312466
4,1,0,0,1,1.0284463080693997,-1.2643966114655794,1.5097238451589006,3,6,-1.1940280648466959
4,0,1,1,0,0.005937911709407617,-0.8193248688360357,-0.6853727750497651,2,6,0.8365102020321136
4,1,1,1,1,-1.4937410696185809,-0.9676821163792169,0.8137228600458506,3,8,-0.8408998029129332
4,0,0,0,1,-1.221072163922583,-0.374253126206492,0.09054706715431977,1,5,-0.2419413566787883
4,0,0,1,0,-1.4596574564065812,-1.1160393639223982,0.26028177923102175,3,5,-0.2332193835310844
4,1,1,1,1,-0.47123267325858875,1.7027483393980452,-0.3839337035810606,3,8,-0.22547869771412662
4,0,1,0,1,-1.6982427488905794,-0.6709676212928545,1.1002804891596727,1,6,-1.6398438524998356
4,1,1,0,1,-0.30081460719859004,-0.07753863112012951,0.09740067828716416,1,7,-1.2561729947135052
4,0,0,0,1,-0.7779851921665865,1.8511055869412265,1.6982940060132796,1,5,0.9174479838135876
4,1,1,0,0,-0.7779851921665865,1.2576765967685015,0.7964450501620016,1,6,0.6332664684561459
4,1,1,1,0,1.2329479873413982,1.1093193492253204,-0.3638761073636104,2,7,-0.32801715718792923
4,1,1,1,1,-0.9824868714385848,-0.9676821163792169,-0.7700843671987333,3,8,0.7958038595195146
4,1,0,0,0,-0.8120688053785862,-1.1160393639223982,0.04714885120473524,3,5,-0.04224662227472823
4,0,0,1,0,-0.6757343525305872,0.8126048541389579,-0.4445378383886251,1,5,-0.5470522223343568
4,1,1,1,1,0.48310849667740396,0.6642476065957766,-0.14142130964964397,3,8,-0.21290418714525783
4,0,1,0,0,-0.573483512894588,1.2576765967685015,-1.1376392187916256,1,5,-0.9045555249729306
4,1,1,1,0,1.130697147705399,1.8511055869412265,-1.3259457792178184,3,7,-0.7162989903292467
4,1,1,1,0,-1.1869885507105833,0.3675331115094142,-1.3029646146150289,3,7,-3.545152881902376
4,1,0,0,1,-0.26673099398659034,0.8126048541389579,-1.3343091018939117,3,6,-1.6420126622244848
4,1,1,0,1,-0.062229314714591866,0.9609621016821391,-1.3099620077996112,3,7,-1.3631761776352902
4,1,1,0,0,1.2670316005533981,-1.2643966114655794,0.8821391529978461,3,6,-0.6976765381013508
4,0,1,0,1,-1.4255738431945815,-0.8193248688360357,0.8020525501797834,1,6,-0.9789200347833286
4,0,0,1,1,0.5512757231014035,-0.07753863112012951,-1.115305073421657,2,6,14.384048845826978
4,1,0,0,0,-0.3348982204105898,-1.2643966114655794,0.8136270053446919,3,5,-0.6434908488820243
4,1,1,0,0,0.005937911709407617,-0.07753863112012951,-0.9768429575979688,2,6,12.598307989117442
4,1,0,0,1,-0.13039654113859134,-0.374253126206492,0.5096238206199931,1,6,-1.3617125593531307
4,0,1,1,0,1.539700506249396,0.21917586396623295,0.8994888539075641,2,6,4.103940706287968
4,1,1,1,1,0.7898610155854017,0.8126048541389579,1.431122990208797,3,8,1.7611526952697425
4,0,1,0,1,1.5056168930373963,0.8126048541389579,0.32627774097876105,2,6,0.4015202934077886
4,0,1,1,0,0.005937911709407617,0.6642476065957766,0.33255622390465345,2,6,0.5006502393869949
4,0,1,1,1,1.0284463080693997,1.8511055869412265,-0.08347714279923237,2,7,-0.04509580560521381
4,0,1,1,1,-1.4255738431945815,-0.8193248688360357,-0.6195445590290536,1,7,0.7561656416884368
4,1,1,0,0,-0.3689818336225895,0.3675331115094142,1.619285768583252,1,6,4.405810829185511
4,1,0,0,0,1.2329479873413982,-0.07753863112012951,-0.40890385323289224,2,5,5.2736180784189175
4,0,0,1,0,-0.573483512894588,1.1093193492253204,0.7283163213134821,1,5,0.6565428298706434
4,0,1,1,1,-0.30081460719859004,-1.1160393639223982,1.2248916006659343,3,7,-1.0975353896984001
4,0,1,0,1,-0.26673099398659034,-1.1160393639223982,1.65597415545173,3,6,-1.4837968021383134
4,1,0,0,1,-1.5619082960425805,1.1093193492253204,1.1476566752073418,1,6,1.034558390647745
4,1,0,1,1,0.2445232041934058,-1.2643966114655794,1.2182776262859865,3,7,-0.963525668104671
4,1,1,1,1,0.5853593363134032,-0.8193248688360357,-1.1934026911906774,3,8,1.456570150807486
4,1,1,0,0,0.9943626948574001,-1.2643966114655794,-0.987075446946656,3,6,0.7806697824603508
4,1,1,0,1,-0.5393998996825883,1.7027483393980452,-0.4832871013320145,1,7,-0.2838275077545271
4,1,1,1,1,0.9943626948574001,1.554391091854864,0.319759621299972,3,8,0.20571361818908973
4,1,1,0,0,-0.573483512894588,-0.8193248688360357,1.3231905967041429,1,6,-1.6149787001615374
4,0,1,0,1,-1.0506540978625845,-0.07753863112012951,0.1314530608737791,1,6,-1.6953453307093955
4,1,0,0,0,-0.26673099398659034,1.1093193492253204,0.03626934262322702,1,5,0.03269510259011768
4,1,1,0,1,-0.1644801543505911,-0.8193248688360357,1.71475705093728,1,7,-2.092892830491235
4,1,1,1,1,0.8921118552214009,-0.6709676212928545,0.747175733766449,3,8,-1.113581078484576
4,1,0,0,0,-0.7098179657425869,0.0708186164230517,-1.1485426910484233,1,5,-16.217860941062284
4,0,1,1,1,-1.357406616770582,-1.2643966114655794,-0.09181650180003602,3,7,0.072616909587032
4,1,0,0,0,-1.6982427488905794,1.2576765967685015,0.1488267254587867,1,5,0.11833456033659553
4,1,0,1,1,-0.062229314714591866,1.554391091854864,0.45932406618698485,2,7,0.2955007739642262
4,0,1,1,1,-0.7098179657425869,-0.374253126206492,-0.0487537773045068,1,7,0.13026987394483663
4,0,0,1,1,1.3692824401893973,-0.22589587866331076,0.05757304995573981,2,6,-0.25486655694195987
4,1,0,0,1,1.2670316005533981,-1.2643966114655794,0.8500757554602734,3,6,-0.6723178629787698
4,1,1,1,1,1.0284463080693997,-0.374253126206492,0.9089784693222717,3,8,-2.428786386695761
4,1,1,1,1,1.1647807609173988,-0.9676821163792169,-0.3359823893264396,3,8,0.34720362280457495
4,1,1,1,1,0.8239446287974014,-0.8193248688360357,-0.6425496873071326,3,8,0.7842438280480762
4,0,0,1,1,-1.3233230035585823,1.4060338443116829,-1.2505081294059508,3,6,-0.889386301104174
4,0,0,0,1,-1.3233230035585823,1.554391091854864,-1.2546059178804836,3,5,-0.8071360658965757
4,1,1,1,1,0.755777402373402,1.7027483393980452,-1.0223260132977543,3,8,-0.6003972455858749
4,0,0,0,1,-0.3689818336225895,0.9609621016821391,1.2193799553493112,1,5,1.2689144392899379
4,1,1,1,1,-0.26673099398659034,0.0708186164230517,1.6755045508128077,3,8,23.65876342514943
4,1,1,1,0,0.8239446287974014,-1.2643966114655794,-0.15752489944429932,3,7,0.12458513618353191
4,0,0,1,0,-1.1869885507105833,0.9609621016821391,-1.3446134822684679,3,5,-1.3992352879259977
4,1,1,1,1,0.005937911709407617,0.21917586396623295,-0.6380205526773858,3,8,-2.9109849512934045
4,0,1,1,1,-1.4937410696185809,0.8126048541389579,-1.2367529797896828,3,7,-1.5219592296687965
4,1,1,0,0,0.6194429495254029,-1.2643966114655794,0.46984411963914813,3,6,-0.3715958165139034
4,0,1,0,0,-0.6416507393185875,0.9609621016821391,0.9538384694645258,1,5,0.9925859461147447
4,0,1,0,1,-0.028145701502592123,-1.2643966114655794,1.5407328409837278,3,6,-1.218552822401718
4,0,0,0,1,-0.3689818336225895,1.2576765967685015,0.7277651567818197,1,5,0.5786579634174546
4,1,0,1,1,0.8580282420094011,-0.8193248688360357,-0.14688502761568775,2,7,0.17927590444101002
4,1,0,1,1,-1.6982427488905794,0.5158903590525954,0.9123094201875351,1,7,1.7684138417494306
4,1,1,1,1,-1.63007552246658,0.9609621016821391,1.0147301683755663,3,8,1.0559512291359672
4,1,1,1,1,-1.0847377110745842,1.8511055869412265,-0.14010330750871236,3,8,-0.07568624545830148
4,0,0,1,1,0.5853593363134032,-1.1160393639223982,-0.12747445063105856,3,6,0.11422049165320831
4,1,1,1,0,1.2329479873413982,-1.2643966114655794,-1.1508432038762313,3,7,0.9101923428398111
4,0,0,1,1,-1.8004935885265787,-0.6709676212928545,-0.6532374864863235,1,6,0.9735767261084173
4,1,1,0,1,-0.9143196450145854,0.0708186164230517,-1.213148759629362,1,7,-17.130123275201523
4,0,1,0,0,0.6194429495254029,1.554391091854864,-0.8932097308370356,2,5,-0.5746360493710206
4,1,0,1,0,-0.7439015789545866,-1.2643966114655794,-1.3411147856761767,3,6,1.0606765584401792
4,1,1,1,1,0.27860681740540555,0.5158903590525954,1.7610069442463347,3,8,3.413522853882108
4,1,1,1,1,-1.0506540978625845,-0.9676821163792169,0.11060466337176995,3,8,-0.11429866874494839
4,1,0,1,1,-1.3233230035585823,-1.2643966114655794,0.699440092589435,3,7,-0.5531813668498134
4,0,1,1,0,1.5737841194613957,0.0708186164230517,-1.3154976167915242,3,6,-18.575328182140947
4,0,1,1,1,-0.1644801543505911,-0.9676821163792169,0.3855159462948146,1,7,-0.39839151531374706
4,0,1,0,1,-1.1529049374985836,0.5158903590525954,1.7434655339342995,1,6,3.3795207136945904
4,1,0,0,0,-0.3689818336225895,-0.8193248688360357,0.26524226001598256,1,5,-0.3237331049476153
4,0,0,1,0,1.130697147705399,-1.1160393639223982,1.0728181172777158,3,5,-0.961273511698306
4,0,1,1,1,0.9261954684334006,-1.2643966114655794,1.7360607582697927,3,7,-1.3730360517919697
4,0,1,1,1,0.2445232041934058,-1.1160393639223982,1.7060342731318416,3,7,-1.52865199645634
4,1,1,0,0,-0.5393998996825883,1.4060338443116829,-0.4112762570865692,1,6,-0.2925078697376859
4,0,1,1,0,-1.1529049374985836,0.8126048541389579,1.244973160558674,1,6,1.5320750573202
4,1,1,1,0,-0.7779851921665865,-0.5226103737496732,-0.26234201516129696,1,7,0.5019849017996322
4,1,0,1,0,0.5171921098894038,-1.2643966114655794,1.1687686731375373,3,6,-0.9243694477733915
4,0,1,1,1,-0.5393998996825883,-0.8193248688360357,1.3564042506556195,1,7,-1.6555165817182669
4,1,1,0,1,-1.357406616770582,-1.1160393639223982,-0.3803391522876108,3,7,0.340793976786677
4,0,0,1,1,-0.8120688053785862,0.9609621016821391,-0.22282591460863826,1,6,-0.2318777008384481
4,1,0,1,0,-1.0165704846505845,0.21917586396623295,0.12785850958032924,1,6,0.5833576923521796
4,1,0,1,1,-1.5959919092545802,1.554391091854864,0.0503839473688401,1,7,0.03241392415263557
4,0,0,0,1,-0.43714906004658904,1.1093193492253204,0.9038981701608625,1,5,0.8148215894462661
4,1,0,1,0,-0.6416507393185875,0.5158903590525954,-1.3251549779332594,3,6,-2.568670621595271
4,0,1,1,0,-0.1644801543505911,1.554391091854864,0.8514896123023636,1,6,0.5477958983220744
4,1,1,1,1,-0.028145701502592123,0.5158903590525954,-0.1920805192119972,3,8,-0.37232745972861797
4,0,0,1,0,1.403366053401397,1.7027483393980452,0.3425970038510234,2,5,0.2012022532759508
4,1,1,1,1,1.0966135344933994,1.554391091854864,0.36464358511751577,3,8,0.23458919215317464
4,0,0,1,0,0.5853593363134032,-1.2643966114655794,-1.0864767720481892,3,5,0.8592854658747495
4,0,1,0,0,0.1763559777694063,-0.8193248688360357,-0.18366926918532456,2,5,0.22417175450564192
4,0,1,1,1,-1.63007552246658,1.7027483393980452,1.4695607253734209,1,7,0.8630517078297262
4,1,1,0,0,0.27860681740540555,-1.1160393639223982,0.3745405830121477,3,6,-0.3355983047892704
4,0,1,0,0,-0.1644801543505911,-1.2643966114655794,1.642722243016545,3,5,-1.2992153943910336
4,0,1,0,0,-0.26673099398659034,0.6642476065957766,1.6834125636583972,1,5,2.534311019914303
4,1,1,1,1,-1.0847377110745842,0.6642476065957766,-1.2999931188791105,3,8,-1.9570882136154955
4,1,0,1,1,1.4715332798253964,-1.1160393639223982,1.004857134156224,3,7,-0.9003786667553079
4,0,0,0,1,0.10818875134540684,0.0708186164230517,1.6771580444077945,2,5,23.682111385481626
4,0,0,0,1,-0.30081460719859004,0.9609621016821391,-0.31038918411707667,1,5,-0.3229980251830159
4,1,0,0,1,1.5737841194613957,0.9609621016821391,-1.310201644552508,3,6,-1.3634255490757516
4,0,1,0,1,-0.5393998996825883,-1.2643966114655794,1.225778256651652,3,6,-0.969457854437532
4,1,0,1,0,0.10818875134540684,-1.1160393639223982,-1.0827863660535808,3,6,0.9702053272147824
4,1,0,1,1,-0.6757343525305872,0.9609621016821391,1.4262104367744155,1,7,1.4841469295521064
4,0,1,1,0,-0.3689818336225895,0.5158903590525954,1.1729623163132288,1,6,2.2736614904101247
4,1,1,1,1,-0.062229314714591866,0.5158903590525954,0.08963644749331248,3,8,0.17375062776380792
4,1,1,0,1,-0.47123267325858875,-0.22589587866331076,-0.09991622404794302,1,7,0.44231292289217866
4,0,0,1,1,-0.30081460719859004,1.4060338443116829,-0.7143688221502607,1,6,-0.5080733418807812
4,1,0,0,0,-0.7779851921665865,-1.2643966114655794,1.6108745185565794,3,5,-1.2740272933163626
4,1,1,1,1,-0.4030654468345893,-0.5226103737496732,-0.8169573160653194,3,8,1.5632274450106536
4,1,1,0,1,-0.8461524185905859,1.8511055869412265,-0.27312566904164653,1,7,-0.1475472406442895
4,1,0,0,1,-0.9824868714385848,1.1093193492253204,-0.8219657242008596,1,6,-0.7409633518170552
4,1,0,1,1,-1.4255738431945815,0.21917586396623295,0.4713059038318177,1,7,2.150345138182233
4,1,1,0,0,-1.1869885507105833,1.554391091854864,0.033154064835570485,1,6,0.021329280436577346
4,0,1,1,1,-1.0847377110745842,-0.6709676212928545,-1.2595424349901547,3,7,1.877205802821012
4,0,1,1,1,0.2445232041934058,-0.9676821163792169,1.1109203609882843,2,7,-1.1480231888217756
4,0,1,0,1,1.2670316005533981,-1.1160393639223982,-0.448348062759682,3,6,0.4017317659080553
4,1,1,1,0,1.3351988269773976,1.1093193492253204,-1.2772755547045074,3,7,-1.1514037001092394
4,1,0,1,0,0.0741051381334071,-1.2643966114655794,0.0634441504017079,3,6,-0.05017745223598875
4,1,1,1,1,-1.7323263621025793,-1.1160393639223982,-0.31793774183332135,3,8,0.2848806565357717
4,1,0,0,0,-1.221072163922583,1.8511055869412265,-1.3016945398246766,3,5,-0.7031980486740098
4,1,0,1,0,0.1763559777694063,0.6642476065957766,1.3506529685860997,2,6,2.0333546132796467
4,1,1,0,1,0.14227236455740658,-1.1160393639223982,0.246934012094678,3,7,-0.22125942985222335
4,0,0,0,1,-0.5393998996825883,0.6642476065957766,0.294525871219954,1,5,0.4433970478754582
4,0,1,0,0,0.2445232041934058,-1.1160393639223982,-0.6020271123923079,3,5,0.539432273883883
4,1,1,0,0,-1.4255738431945815,-1.2643966114655794,1.5263067084593491,3,6,-1.2071433138637555
4,1,1,1,1,-0.8802360318025857,0.5158903590525954,-0.7762430317481774,3,8,-1.50466375938861
4,1,0,0,0,1.2670316005533981,-1.1160393639223982,-0.04259511275506272,3,5,0.0381663517420307
4,0,0,0,1,1.3351988269773976,0.3675331115094142,-1.308116804802307,3,5,-3.5591711458564856
4,0,1,0,1,-0.3689818336225895,-1.1160393639223982,-0.32932048759591254,3,6,0.2950798989010482
4,1,1,0,1,-1.5619082960425805,0.0708186164230517,-0.7557780530508029,1,7,-10.67187442157337
4,1,0,0,0,-0.028145701502592123,1.2576765967685015,-1.0547728296399617,2,5,-0.8386671054252005
4,0,0,1,0,0.5853593363134032,1.2576765967685015,1.5444711743289157,2,5,1.2280342579825756
4,1,1,0,1,1.1647807609173988,1.1093193492253204,-1.3366575420722988,3,7,-1.2049337623759777
4,1,0,1,0,-1.4937410696185809,0.21917586396623295,-1.3315532792356002,3,6,-6.075245603663457
4,1,0,1,1,-1.0165704846505845,0.0708186164230517,0.4379245041533134,1,7,6.183661057090525
4,1,0,1,0,1.0284463080693997,1.8511055869412265,-0.7402735551383892,2,6,-0.39990866023637206
4,0,1,0,0,-0.028145701502592123,-1.1160393639223982,0.47504423717700556,3,5,-0.42565224685236436
4,0,0,0,1,1.3011152137653978,-0.5226103737496732,-1.2273831827514234,3,5,2.348567102700559
4,0,0,1,1,1.403366053401397,-1.1160393639223982,-0.29886265630274744,3,6,0.2677888735404873
4,1,1,0,0,-0.9824868714385848,0.3675331115094142,0.23754025138112903,1,6,0.6463080403763953
4,1,1,0,1,1.6078677326733954,0.9609621016821391,0.11889609502199427,2,7,0.12372597325939984
4,1,0,1,0,-1.63007552246658,0.3675331115094142,-1.3290370933301852,3,6,-3.61609181763294
4,1,1,1,1,-1.1529049374985836,0.0708186164230517,1.489977776720216,3,8,21.03905460062941
4,0,1,1,0,-1.4596574564065812,1.8511055869412265,0.9427912151559898,1,6,0.5093122253504919
4,1,1,0,1,-0.43714906004658904,-0.22589587866331076,0.9284609373327698,1,7,-4.110146023791056
4,0,1,0,1,0.8239446287974014,1.4060338443116829,-1.1613872210036842,2,6,-0.8260017350937241
4,1,0,0,0,0.346774043829405,-0.5226103737496732,0.7107749110014469,2,5,-1.3600500616774314
4,0,1,0,0,0.0741051381334071,1.2576765967685015,-1.0013098700687175,2,5,-0.7961578330102249
4,1,0,0,1,-0.9143196450145854,0.5158903590525954,-1.228916857969962,3,6,-2.382123360675776
4,1,1,1,1,1.3351988269773976,0.6642476065957766,-0.8970439188833821,3,8,-1.3504641334223697
4,0,1,0,0,-1.5959919092545802,-0.374253126206492,-0.28307059428685777,1,5,0.7563633563184482
4,1,1,0,1,0.040021524921407356,0.0708186164230517,1.3571710882648889,2,7,19.163773496846154
4,1,1,1,1,0.5512757231014035,0.9609621016821391,-0.11153860656343087,3,8,-0.11606960388820928
4,0,1,1,1,0.3808576570414048,0.3675331115094142,1.3937875841074978,2,7,3.792267276589364
4,0,0,1,0,0.9261954684334006,-0.9676821163792169,0.36095317912290725,2,5,-0.3730083939981073
4,1,1,1,1,0.8239446287974014,-0.22589587866331076,-0.8628956815956085,3,8,3.8198992677551025
4,1,1,0,1,0.6535265627374027,-1.1160393639223982,1.0008791640581396,3,7,-0.8968142999497586
4,1,0,1,1,-1.221072163922583,0.3675331115094142,0.2582448668314002,1,7,0.7026419011036079
4,0,1,0,0,0.346774043829405,0.3675331115094142,0.10804055011577572,2,5,0.29396060592054274
4,1,1,0,1,0.3808576570414048,0.6642476065957766,-1.3091472428397628,3,7,-1.9708693851072452
4,1,1,1,0,0.005937911709407617,1.4060338443116829,-0.2871683827613906,2,7,-0.2042398763609393
4,1,1,1,0,-1.5278246828305808,1.4060338443116829,1.3972623170244995,1,7,0.9937608037790289
4,0,1,0,0,-0.6416507393185875,-1.1160393639223982,-0.046836683281333544,3,5,0.041966911528670575
4,0,1,1,1,-0.7779851921665865,1.4060338443116829,-1.253000351636076,3,7,-0.8911588192179376
4,1,1,1,1,-0.47123267325858875,-0.22589587866331076,0.21156362736713144,3,8,-0.9365578742600021
4,0,1,1,1,-1.3233230035585823,-1.2643966114655794,-0.2593944831006681,3,7,0.20515294481289773
4,1,1,1,0,-1.1529049374985836,-0.8193248688360357,-0.317817923456873,1,7,0.3879026787152898
4,1,0,0,1,-0.8120688053785862,-1.1160393639223982,0.8706845162093859,3,6,-0.7801564393801855
4,1,0,0,1,-1.6641591356785796,-0.8193248688360357,0.5501703592101075,1,6,-0.6714931422560673
4,0,0,0,1,1.5737841194613957,0.21917586396623295,-0.4890144197262446,2,5,-2.231140691024686
4,0,1,0,1,0.44902488346540426,-1.2643966114655794,0.39057228178093406,3,6,-0.30890037757108
4,1,1,1,1,0.27860681740540555,0.3675331115094142,1.3848012058738732,3,8,3.7678168162042893
4,1,0,0,0,-1.4937410696185809,1.4060338443116829,-0.4242166417429886,1,5,-0.3017113291745353
4,1,1,1,0,-0.573483512894588,-1.1160393639223982,1.3729391866054887,3,7,-1.2301899567145647
4,1,0,1,1,0.8580282420094011,1.4060338443116829,-0.5599229349083653,2,7,-0.3982283491576432
4,0,0,1,0,-1.357406616770582,0.8126048541389579,0.3379480508448282,1,5,0.4158818806479311
4,1,1,1,0,-1.6641591356785796,-0.374253126206492,0.4115165339841019,1,7,-1.09957033018177
4,0,0,0,1,-0.9143196450145854,1.2576765967685015,-0.8622726260380772,1,5,-0.685607049257787
4,0,0,1,1,-0.9143196450145854,1.4060338443116829,0.3822089591048407,1,6,0.27183462817519943
4,0,0,1,1,-0.7098179657425869,1.554391091854864,1.254295030246354,1,6,0.806936059967725
4,0,1,1,1,-0.573483512894588,1.1093193492253204,0.8506508836672254,1,7,0.7668216708196749
4,0,0,1,1,0.4149412702534045,1.4060338443116829,-1.2307380972919766,3,6,-0.8753254602978763
4,1,1,1,0,-0.9143196450145854,1.7027483393980452,0.755275456014356,1,7,0.4435623250814829
4,0,0,1,0,-1.3914902299825818,-1.2643966114655794,1.7449033544516794,3,5,-1.3800295877562692
4,1,0,1,1,-1.4255738431945815,-0.07753863112012951,-1.3022936317069183,3,7,16.795633460729114
4,1,0,1,1,-0.30081460719859004,-1.1160393639223982,-1.0604522206836122,3,7,0.9501933400896502
4,1,1,1,1,0.7216937891614021,-0.22589587866331076,0.8536223794031439,3,8,-3.778847862573464
4,1,1,0,0,-0.3689818336225895,0.3675331115094142,-0.3619350496651475,1,6,-0.9847658716050272
4,0,0,1,0,1.5056168930373963,1.554391091854864,-1.151442295758473,2,5,-0.7407669543560602
4,1,0,0,0,0.10818875134540684,-0.07753863112012951,-1.043126483449184,2,5,13.453164204011623
4,0,0,1,0,-0.30081460719859004,0.3675331115094142,-1.074015660897563,1,5,-2.9222203525183614
4,1,1,0,1,0.4149412702534045,1.2576765967685015,1.6332326276018374,2,7,1.298609939302643
4,1,1,1,1,0.27860681740540555,1.554391091854864,0.33940983503749783,3,8,0.2183553537206165
4,1,1,1,1,-1.1188213242865839,-0.6709676212928545,-0.9206960663942821,3,8,1.3721935446210956
4,1,0,1,1,0.7216937891614021,1.554391091854864,-1.3081647321528864,3,7,-0.8415925035953102
4,1,0,1,1,-0.3689818336225895,-0.8193248688360357,0.22282655475327431,1,7,-0.27196394884702996
4,1,1,0,0,0.755777402373402,1.2576765967685015,-0.12241811514493908,2,6,-0.09733664291984075
4,1,0,1,1,0.3808576570414048,-1.2643966114655794,-1.2976207150254335,3,7,1.0262774587783823
4,1,1,1,0,1.130697147705399,0.21917586396623295,1.4085731717612215,2,7,6.426650816475915
4,1,1,1,1,-0.7779851921665865,1.1093193492253204,0.5590369190672837,3,8,0.503945428800328
4,1,1,0,1,-0.9143196450145854,0.9609621016821391,0.9108236723195758,1,7,0.9478237725519371
4,0,1,1,1,0.7216937891614021,0.0708186164230517,0.34897134147807446,2,7,4.92760846646558
4,1,1,0,1,0.2445232041934058,0.21917586396623295,1.733185117235033,2,7,7.907701049605549
4,0,1,1,0,0.10818875134540684,-1.1160393639223982,-1.043198374475053,3,6,0.9347334358728101
4,1,0,1,0,-0.8120688053785862,0.8126048541389579,-0.9123567073934784,1,6,-1.1227542882523498
4,1,0,1,0,1.4374496666133967,1.1093193492253204,0.966227689589283,2,6,0.8710087129151067
4,0,1,0,1,-0.6416507393185875,1.4060338443116829,-0.6930890784930375,1,6,-0.4929387641401844
4,0,0,0,1,0.10818875134540684,1.554391091854864,-1.1577926697102343,2,5,-0.744852393277834
4,1,1,1,1,-1.8004935885265787,-0.5226103737496732,-0.061909835038533256,3,8,0.11846292498417317
4,1,0,1,0,-0.4030654468345893,-0.9676821163792169,0.0594661803036234,1,6,-0.06145224836682632
4,1,0,0,1,-0.062229314714591866,1.554391091854864,1.1379753503903167,2,6,0.7321031523213457
4,0,1,0,1,-0.23264738077459057,1.554391091854864,-1.3067508753107961,3,6,-0.8406829153070663
4,0,0,0,1,1.3351988269773976,-1.1160393639223982,-1.3399884929375625,3,5,1.2006652604916512
4,0,1,0,1,1.5737841194613957,1.1093193492253204,0.5188977629570938,2,6,0.4677618717798329
4,1,0,1,0,-0.062229314714591866,-1.2643966114655794,-0.6443469629538575,3,6,0.5096086676597885
4,1,1,0,0,0.7216937891614021,-1.1160393639223982,0.8829059906071154,3,6,-0.791107204867114
4,1,0,0,1,0.1763559777694063,0.21917586396623295,1.0654133416132092,2,6,4.860975389160372
4,0,1,1,0,0.8239446287974014,-1.1160393639223982,-1.2505560567565301,3,6,1.1205314236343629
4,0,0,1,1,-0.8120688053785862,-0.9676821163792169,0.4037283395149605,1,6,-0.41721217111851405
4,1,1,1,0,1.0966135344933994,-1.2643966114655794,0.29838402294159017,3,7,-0.23598944842566236
4,0,0,0,1,0.1763559777694063,-1.2643966114655794,0.2747079117554005,3,5,-0.2172642084995712
4,1,0,0,1,0.6876101759494024,-1.1160393639223982,0.2214366615864737,3,6,-0.19841312695400398
4,1,0,0,0,-0.7098179657425869,-0.374253126206492,-0.45917964399061084,1,5,1.2269259460058763
4,0,1,1,1,-0.47123267325858875,0.8126048541389579,1.288131739755362,1,7,1.5851863891877498
4,1,0,1,0,0.10818875134540684,1.7027483393980452,-0.8065570809896044,2,6,-0.47367927993132447
4,0,1,0,1,0.0741051381334071,-1.2643966114655794,0.78652408859208,3,6,-0.6220553768613674
4,1,1,0,0,0.346774043829405,-1.1160393639223982,0.6185387248115236,3,6,-0.5542271169224184
4,0,1,1,1,-0.6416507393185875,-1.2643966114655794,-0.14101392716971964,3,7,0.11152674518244202
4,1,1,1,1,-1.7323263621025793,1.2576765967685015,-0.3118988956603256,3,8,-0.2479959064721547
4,1,1,0,1,1.1647807609173988,-1.1160393639223982,0.8328219092517141,3,7,-0.7462305384598973
4,1,1,0,1,-0.8120688053785862,-1.1160393639223982,0.5617208506997263,3,7,-0.5033167934527962
4,1,0,1,1,-0.8802360318025857,1.554391091854864,0.9462180207224121,1,7,0.6087383136344224
4,0,1,0,1,-0.6075671261065877,1.7027483393980452,0.30904785844549143,1,6,0.18149932658599408
4,0,1,0,1,0.5512757231014035,0.6642476065957766,0.3516073457599377,2,6,0.5293309496905059
4,1,1,1,1,-1.5278246828305808,-0.9676821163792169,-0.545760402812173,3,8,0.5639878608505359
4,0,0,1,1,-0.23264738077459057,-1.1160393639223982,-0.7358163115345114,3,6,0.6593109478319645
4,1,0,1,1,0.7216937891614021,-0.07753863112012951,0.7297062144802827,2,7,-9.410994428624528
4,0,0,1,1,1.4715332798253964,-1.2643966114655794,0.5047831582114807,3,6,-0.3992288122752808
4,1,1,1,1,-0.5393998996825883,1.4060338443116829,-1.1050006930471008,3,8,-0.7858985127698228
4,0,0,1,0,0.8921118552214009,-1.1160393639223982,1.748665651472157,3,5,-1.5668508431254495
4,0,0,1,1,-1.0847377110745842,0.6642476065957766,1.7483541236933913,1,6,2.632077969502371
4,0,0,0,1,0.10818875134540684,-1.2643966114655794,0.7556109474684113,3,5,-0.597606429994305
4,1,1,1,1,-0.5393998996825883,0.0708186164230517,0.02857700285524434,3,8,0.40351818180622845
4,1,1,1,1,0.44902488346540426,-0.22589587866331076,-0.10410986722363451,3,8,0.4608775012505131
4,1,1,0,0,-0.062229314714591866,-1.1160393639223982,-1.1303782251788568,3,6,1.0128488963462332
4,0,1,1,0,1.2670316005533981,-0.07753863112012951,-1.3214166445880715,3,6,17.0422622602539
4,0,1,0,1,1.0625299212813997,0.6642476065957766,-1.2613876379874591,3,6,-1.898969189340079
4,1,1,1,0,-0.6757343525305872,0.0708186164230517,0.4543396217267344,1,7,6.415448779229019
4,1,0,0,1,1.3011152137653978,1.2576765967685015,-1.0903349237698254,2,6,-0.8669431073363721
4,1,1,1,1,-0.4030654468345893,-0.374253126206492,1.4979097532410952,3,8,-4.002408131716612
4,0,1,0,0,-0.3689818336225895,-0.8193248688360357,-0.46210321237595003,1,5,0.5640055537896539
4,1,1,0,1,-0.7779851921665865,-0.6709676212928545,0.03945651143675256,1,7,-0.058805475838314636
4,0,0,1,0,-0.3348982204105898,-0.8193248688360357,0.3315737132177772,1,5,-0.40469187561790926
4,1,1,1,1,0.7216937891614021,1.1093193492253204,1.1750471560634297,3,8,1.059249617916059
4,1,1,0,1,-1.4255738431945815,0.9609621016821391,0.24549619157729805,1,7,0.2554689052551173
4,0,0,1,0,-1.8004935885265787,1.8511055869412265,-0.08230292271003875,1,5,-0.044461471473685545
4,1,1,1,0,-0.6757343525305872,-0.374253126206492,1.1896170706395464,1,7,-3.1786514687245364
4,0,0,1,1,0.8580282420094011,1.2576765967685015,-1.255732210619098,3,6,-0.9984531916968212
4,0,1,1,0,-1.5278246828305808,1.8511055869412265,0.5469592267212923,1,6,0.2954768950528609
4,1,0,1,0,-0.8802360318025857,-0.5226103737496732,1.6003544651044161,1,6,-3.0622383475865025
4,1,0,0,0,-1.0506540978625845,1.1093193492253204,-0.16222177980107377,1,5,-0.1462352871416803
4,0,0,0,1,1.3692824401893973,1.4060338443116829,-0.16782927981885554,2,5,-0.11936352822110571
4,0,1,1,0,-0.19856376756259084,0.8126048541389579,0.818491631428494,1,6,1.007243089942753
4,0,1,0,0,-1.4937410696185809,1.1093193492253204,1.0022211298743608,1,5,0.9034551025537837
4,1,0,1,0,-1.3914902299825818,-1.1160393639223982,0.6696772078796702,3,6,-0.6000485552539976
4,1,1,1,1,0.9943626948574001,1.7027483393980452,-0.21961478211982308,3,8,-0.12897657749053137
4,0,0,1,0,-0.9824868714385848,-0.9676821163792169,0.24333946080122812,1,5,-0.2514665799325857
4,1,1,0,0,1.3692824401893973,-1.2643966114655794,-1.0125488337795707,3,6,0.8008164727856897
4,1,0,0,0,1.6078677326733954,-0.374253126206492,0.22488743082818555,2,5,-0.6008982049285804
4,1,1,1,1,1.403366053401397,-0.8193248688360357,1.48681457158198,3,8,-1.8146848006444734
4,1,1,1,0,0.3126904306174053,1.1093193492253204,-1.2778986102620387,3,7,-1.1519653553226918
4,1,1,1,1,-1.3914902299825818,-0.9676821163792169,0.4357198460266642,3,8,-0.450272138880835
4,1,0,1,1,-1.3914902299825818,-0.9676821163792169,-0.12536564720556798,1,7,0.12955264403076294
1,1,0,1,0,-0.26673099398659034,-0.22589587866331076,-0.3877199642768278,1,3,1.7163734147984482
1,1,1,0,0,-0.43714906004658904,0.0708186164230517,0.09155354151648573,1,3,1.2927709318499663
1,1,1,1,0,-0.7779851921665865,0.9609621016821391,0.3311902944131425,1,4,0.34464413236408675
1,0,1,1,0,-0.9484032582265851,1.2576765967685015,0.810463800206456,1,3,0.6444130055976792
1,1,0,1,0,0.0741051381334071,-1.1160393639223982,-1.3612922002700751,3,3,1.2197539477816106
1,1,1,0,0,0.6535265627374027,-0.6709676212928545,-1.5018151921686747,3,3,2.238285995918689
1,1,1,1,0,2.1191219308533915,0.0708186164230517,-0.6116844735340432,3,4,-8.637218110305108
1,0,1,1,0,1.0966135344933994,-0.6709676212928545,-0.7643570488045032,3,3,1.1391878888575695
1,0,0,1,0,1.0284463080693997,-1.1160393639223982,-1.3308104053016205,3,2,1.1924414503318597
1,0,0,0,1,2.2554563837013903,-1.4127538590087605,-1.3806548499041251,3,2,0.9772798130260684
1,1,1,1,0,2.153205544065391,-0.5226103737496732,-1.2960870398068949,3,4,2.480030219334935
1,1,0,1,0,0.21043959098140605,-1.2643966114655794,-1.3318648070143657,3,3,1.0533608270520505
1,1,0,0,0,0.6535265627374027,-1.1160393639223982,-1.6583219554854813,3,2,1.4859004932923523
1,1,0,1,0,0.6876101759494024,-1.2643966114655794,-1.5310269123467772,3,3,1.2108764839606976
1,0,1,1,0,0.6194429495254029,-0.5226103737496732,-1.0921082357412606,3,3,2.089721866076543
1,0,0,0,1,2.2554563837013903,-1.4127538590087605,-1.3878199888157352,3,2,0.9823515698205565
1,0,1,1,1,0.8580282420094011,-0.374253126206492,-1.431625587245244,3,4,3.8252971379389056
1,0,1,0,0,0.005937911709407617,-1.2643966114655794,-1.6616289426754551,3,2,1.3141685463060384
1,1,1,1,0,0.6876101759494024,-0.6709676212928545,-1.4007364097968649,3,4,2.0876394821218542
1,1,0,1,0,0.21043959098140605,-1.2643966114655794,-1.2917496145794654,3,3,1.0216340541408393
1,1,1,0,0,0.6194429495254029,-0.6709676212928545,-1.3768925528836475,3,3,2.0521029052541797
1,1,0,1,0,0.0741051381334071,-1.2643966114655794,-1.3027010141868427,3,3,1.030295425240256
1,1,0,1,0,1.0966135344933994,-1.2643966114655794,-1.3755266233921366,3,3,1.0878925954177772
1,0,0,0,1,1.1647807609173988,-1.4127538590087605,-1.5008806088323778,3,2,1.06238016031017
1,1,0,0,0,0.8921118552214009,-1.1160393639223982,-1.3374962707074372,3,2,1.1984321632158852
1,0,0,1,0,0.6876101759494024,-1.4127538590087605,-1.5564763355044022,3,2,1.1017329220600434
1,0,0,1,0,0.7216937891614021,-1.2643966114655794,-1.413341302999229,3,2,1.1177999118179511
1,1,0,0,0,0.1763559777694063,-1.1160393639223982,-1.3605972536866748,3,2,1.219131257195099
1,0,1,1,0,2.153205544065391,-0.374253126206492,-0.9151364937270796,3,3,2.4452406002421934
1,1,0,1,1,0.6194429495254029,-0.8193248688360357,-1.4843936002330878,3,4,1.8117299601461345
1,1,1,1,1,0.3126904306174053,0.21917586396623295,-0.931815211728687,3,5,-4.2514305336180245
1,1,0,0,0,0.9261954684334006,-1.1160393639223982,-1.4000654268887542,3,2,1.254495788091121
1,0,1,0,0,1.3351988269773976,-0.8193248688360357,-1.4860710575033644,3,2,1.813777327901525
1,0,0,1,0,1.130697147705399,-1.4127538590087605,-1.4549422433020887,3,2,1.0298632446746063
1,1,1,1,0,1.0625299212813997,0.0708186164230517,-0.5072028492711008,3,4,-7.161897718299514
1,0,1,1,0,0.27860681740540555,-1.1160393639223982,-1.432775843659148,3,3,1.2838051898355471
1,1,1,0,0,0.21043959098140605,-0.6709676212928545,-1.3552533540970795,3,3,2.0198521224285413
1,1,1,0,0,0.44902488346540426,-0.5226103737496732,-1.3240766125452244,3,3,2.53358756856024
1,1,1,0,0,0.3808576570414048,-0.9676821163792169,-1.4420018586456693,3,3,1.4901622386114382
1,0,1,1,0,0.10818875134540684,-0.9676821163792169,-1.0331815582039727,3,3,1.0676880438360103
1,0,0,1,0,1.3011152137653978,-1.2643966114655794,-1.342528642518267,3,2,1.0617947660875875
1,1,1,0,0,0.9602790816454003,-0.8193248688360357,-1.5160256516154464,3,3,1.850337466390639
1,0,0,1,0,0.4149412702534045,-1.1160393639223982,-1.5274802884039067,3,2,1.3686628863146475
1,1,1,1,0,0.21043959098140605,-0.22589587866331076,-1.3090034607880248,3,4,5.7947460718622725
1,1,1,0,0,0.14227236455740658,-1.1160393639223982,-1.5485683226588125,3,3,1.3875583248018968
1,1,0,1,1,0.10818875134540684,-0.5226103737496732,-1.32798269161744,3,4,2.541061753426443
1,1,0,0,0,0.44902488346540426,-1.1160393639223982,-1.5061046900455248,3,2,1.3495097827571176
1,1,0,0,0,0.48310849667740396,-1.2643966114655794,-1.5495747970209783,3,2,1.225545852080935
1,0,0,1,0,1.6078677326733954,-1.4127538590087605,-1.291845469280624,3,2,0.9144171686101067
1,1,0,0,0,1.130697147705399,-1.2643966114655794,-1.5541518590013046,3,2,1.2291658124310194
1,1,0,1,0,0.8921118552214009,-1.1160393639223982,-1.2993460996462896,3,3,1.1642485972253165
1,0,1,0,0,0.1763559777694063,-1.4127538590087605,-1.3916781405373713,3,2,0.9850825157868192
1,0,1,1,0,0.27860681740540555,-1.1160393639223982,-1.4674992091538734,3,3,1.3149182470719378
1,0,1,0,0,0.6194429495254029,-1.1160393639223982,-1.4753113672983045,3,2,1.321918148147896
1,1,1,1,0,0.040021524921407356,-0.374253126206492,-1.1255135990950547,3,4,3.007367280724699
1,1,0,0,0,0.6535265627374027,-1.2643966114655794,-1.3177502022687526,3,2,1.0421977032499576
1,0,1,1,1,0.27860681740540555,-0.07753863112012951,-1.4699435040334194,3,4,18.957807748292275
1,0,1,0,0,0.040021524921407356,-1.1160393639223982,-1.5262821046394235,3,2,1.367589281855145
1,1,1,0,0,1.1647807609173988,-0.8193248688360357,-1.5154025960579152,3,3,1.8495770155100655
1,1,1,0,0,0.3808576570414048,-0.8193248688360357,-1.5449258440147833,3,3,1.8856106880049361
1,1,0,1,0,0.0741051381334071,-1.2643966114655794,-1.355708663927583,3,3,1.0722187356820714
1,0,1,1,0,0.1763559777694063,-0.8193248688360357,-1.407110747423916,3,3,1.7174048028442206
1,1,0,1,0,1.5056168930373963,-1.1160393639223982,-1.3790972110102968,3,3,1.2357077100498222
1,1,1,0,0,1.2329479873413982,-0.9676821163792169,-1.4863346579315506,3,3,1.5359756770835682
1,0,1,1,0,0.040021524921407356,-1.1160393639223982,-1.2601175631971067,3,3,1.129098787221195
1,1,0,1,1,0.0741051381334071,-0.6709676212928545,-1.3840576917952576,3,4,2.0627817358907974
1,0,1,1,0,0.27860681740540555,-0.5226103737496732,-1.2830268367740272,3,3,2.4550398466227845
1,1,0,1,0,1.0284463080693997,-1.2643966114655794,-1.4015032474061342,3,3,1.1084372918549055
1,1,0,0,0,0.5853593363134032,-1.2643966114655794,-1.4435594975394974,3,2,1.1416992311973042
1,0,0,1,0,0.9261954684334006,-1.2643966114655794,-1.437209123587736,3,2,1.1366767731199618
1,0,1,1,0,1.0625299212813997,-0.8193248688360357,-1.3591354694940052,3,3,1.6588500850400556
1,1,1,0,0,0.5853593363134032,-0.6709676212928545,-1.5041157049964826,3,3,2.241714650571249
1,1,0,0,0,1.0284463080693997,-1.1160393639223982,-1.423022627816254,3,2,1.2750660495351944
1,1,1,1,0,0.7216937891614021,-0.6709676212928545,-1.5181823823915164,3,4,2.262679445165545
1,1,0,1,0,0.7898610155854017,-1.1160393639223982,-1.3488790164700284,3,3,1.2086314055811618
1,0,1,0,0,0.1763559777694063,-1.4127538590087605,-1.3831470721342503,3,2,0.9790439023458902
1,0,0,1,0,0.6876101759494024,-1.1160393639223982,-1.4271443799660766,3,2,1.278759248875884
1,0,0,1,0,0.005937911709407617,-1.1160393639223982,-1.3541749887090444,3,2,1.213376737292164
1,1,1,1,0,1.3011152137653978,-0.374253126206492,-1.4814221044971692,3,4,3.9583532083390245
1,1,0,0,0,0.1763559777694063,-1.4127538590087605,-1.2951764201458875,3,2,0.9167749418356378
1,0,0,1,0,1.3692824401893973,-1.2643966114655794,-1.4493107796090172,3,2,1.1462478724748972
1,0,0,0,1,1.0625299212813997,-1.2643966114655794,-1.4832433438191839,3,2,1.1730848560126959
1,0,1,1,1,0.346774043829405,-0.6709676212928545,-1.4578178843368486,3,4,2.172712975688488
1,1,1,0,0,0.1763559777694063,-0.6709676212928545,-1.55733902781483,3,3,2.321038004564319
1,0,1,1,0,1.3011152137653978,-0.8193248688360357,-1.2220872105124072,3,3,1.4915801394246615
1,0,1,1,0,1.4715332798253964,-0.374253126206492,-0.7836717710879738,3,3,2.0939674519192613
1,1,0,1,0,0.48310849667740396,-1.1160393639223982,-1.2880831722601467,3,3,1.1541567153059904
1,1,1,0,0,0.2445232041934058,-0.9676821163792169,-1.552546292756897,3,3,1.6043986665422145
1,0,0,0,1,0.9261954684334006,-1.2643966114655794,-1.3574819758990184,3,2,1.0736212334093291
1,1,0,1,0,0.7216937891614021,-1.1160393639223982,-1.5640728205712262,3,3,1.4014507665078628
1,1,1,0,0,0.6194429495254029,-0.6709676212928545,-1.4267609611614418,3,3,2.126426137878934
1,1,0,1,1,0.10818875134540684,-0.374253126206492,-1.5084770938992018,3,4,4.030644018484229
1,1,1,1,0,1.4374496666133967,-0.22589587866331076,-1.458009593739166,3,4,6.4543720617601235
1,1,1,0,0,0.27860681740540555,-0.6709676212928545,-1.4775160254249537,3,3,2.202070831151029
1,0,1,1,0,0.44902488346540426,-0.9676821163792169,-1.3887066448014527,3,3,1.4350870563616986
1,0,0,1,0,0.1763559777694063,-1.1160393639223982,-1.4680024463349566,3,2,1.3153691609449292
1,1,0,0,0,0.14227236455740658,-1.1160393639223982,-1.3982681512420294,3,2,1.2528853814018668
1,1,1,0,0,0.8239446287974014,-0.6709676212928545,-1.424172884230158,3,3,2.122568901394805
1,1,0,0,0,0.9261954684334006,-1.4127538590087605,-1.3645272964341801,3,2,0.9658641196391439
1,0,0,0,1,0.5853593363134032,-1.2643966114655794,-1.4015511747567135,3,2,1.1084751971988855
1,1,0,0,0,1.3351988269773976,-1.2643966114655794,-1.506536036200739,3,2,1.1915068531869475
1,1,0,1,0,1.130697147705399,-1.2643966114655794,-1.3598543797526952,3,3,1.0754975479363362
1,1,1,0,0,0.7898610155854017,-0.9676821163792169,-1.5031571579848961,3,3,1.553360019682182
1,0,1,1,1,0.14227236455740658,-0.22589587866331076,-1.3578893583789426,3,4,6.011156013868
